Ticker,Last Close,1W %,1M %,3M %,6M %
A,150.86000061035156,-1.7582684235273915,6.735534540203466,10.007411521004112,28.266071804919285
AA,49.970001220703125,0.04004095587223949,5.448553389859843,-38.081901282610986,-16.811490807934096
AAL,13.130000114440918,-2.233806283825968,-18.091082021104103,-3.2424435540048138,11.365565368307971
AAP,44.18000030517578,4.741583654646361,-23.72237275231207,-22.30088242656134,-13.033786364258248
AAPL,319.9700012207031,0.984691512414928,2.508224785715613,3.2185782822507822,23.147645598320597
AAT,22.040000915527344,-0.35755636503361754,-0.6230352502327836,-2.6123057512832624,15.87147162974421
AB,37.349998474121094,1.7156787376759937,2.8711226637220117,3.5965524662470076,1.2178401250538469
ABBV,256.4599914550781,0.015590837395777931,5.162585225722713,18.954280839296487,12.08444637898078
ABEV,3.0199999809265137,5.2264843675494195,0.33222559783854944,-3.5469505098188825,3.7200615828750996
ABG,217.25999450683594,2.771996584456389,0.5879850832783415,16.231541105873646,4.638052977679529
ABM,47.04999923706055,0.9007037515006616,-3.0895984007657367,20.842944416091143,7.856942851681121
ABNB,181.94000244140625,-0.6986130175575178,19.98153730791047,36.19283436554892,33.927121286082794
ABR,5.25,4.79041437432686,5.757180650727531,2.364973889607527,-32.59148370273059
ABT,108.33000183105469,-1.839433461462363,0.3427220727304053,25.41975427178392,-1.1283144122707307
ABUS,5.150000095367432,1.3779561557613005,13.436126401759466,18.390809385602434,9.574474560939487
ACA,145.4499969482422,0.10323048405645605,0.38649842014821534,17.52838058920955,30.808644239994514
ACAD,28.020000457763672,-3.0785174484464974,-1.5114245822303227,30.751283521896504,25.089289888131443
ACB,3.950000047683716,-2.469139218312053,32.55033632220623,15.497074841123998,12.857144219534739
ACCO,4.420000076293945,3.271024757540015,2.035905047090851,17.181859198645206,17.06604781485266
ACEL,11.880000114440918,2.0618536429497536,-3.3360443342938106,1.192507206577396,-2.5430637950246364
ACHC,28.1299991607666,2.068213736827546,-8.430990268486024,9.327631796458544,14.071367943332099
ACI,12.550000190734863,1.6194316039473313,3.8907307118973558,-18.909560413341207,-25.61232505119667
ACIU,2.859999895095825,8.333325054910777,23.275861094454353,19.665262324768587,4.761900187328882
ACLS,115.08000183105469,-0.21676926734660204,-15.791015112520446,-27.70902690738215,33.95413447271304
ACM,66.58000183105469,-1.2605642448081817,-11.143732070082907,-7.641183425740403,-28.425739679305874
ACN,186.72000122070312,-1.6020201170607113,9.122786835760909,6.501251752083026,-10.949697846798674
ACP,4.949999809265137,-2.3668709730421487,-0.6514801691074962,-1.3482282664464966,-0.3075504130586914
ACRE,4.570000171661377,0.0,-2.9723962919685034,-3.3507024682417716,-6.391843341269462
ACRS,6.170000076293945,1.9834691202630563,1.3136276141480792,39.592759497581945,97.75641995539127
ACT,49.27000045776367,2.2199163441651475,1.7239179487987273,22.033589711707553,20.23504594748447
ACVA,6.980000019073486,-0.7112402452720037,-6.30872217751118,20.137695143146765,29.020336708741155
ACWI,161.88999938964844,0.7530537521922402,1.118046981819263,2.7051821881395406,13.69087114519601
ACXP,1.4199999570846558,-2.0689716974136187,-2.7397315080268676,-18.857145309448242,-2.0689716974136187
ADBE,266.510009765625,-8.975715704883697,2.4093220744448813,4.0079690612914565,-5.405686447309245
ADC,72.62000274658203,0.5121145281412197,-4.537188172115804,1.8875605310191668,-8.464666748920846
ADDYY,86.55000305175781,-1.288774235270235,-8.84675530960076,-7.758711112896336,4.6854236922768
ADI,362.25,0.3351405457679557,-3.6988954935523606,-16.979987701783354,10.502527270465976
ADM,84.61000061035156,4.084142769630674,9.85293478154277,1.2329144384855888,28.826692235294882
ADMA,9.619999885559082,2.4494093059312956,-4.373762581556451,23.969067033716566,-38.72611463420546
ADNT,20.010000228881836,5.482345562317466,6.153845219825214,-10.749330237337293,-9.169316363154666
ADP,277.6199951171875,-2.9843473705730394,1.5026818781091085,22.821633009384186,26.644591811235625
ADPT,24.280000686645508,-2.5682158414488137,2.881357178746932,51.84490953215087,52.4168249937619
ADSK,217.89999389648438,-15.71577962892334,-10.13321532582269,-5.095823996518657,-17.499622169914
ADT,7.460000038146973,0.9472283210563357,-2.4836608477366724,12.93912135519259,12.542179702581842
ADTN,7.099999904632568,-8.387098004741054,-5.333334604899089,-59.56719749107614,-29.42346313636547
ADUS,118.76000213623047,3.566760297021442,-0.016835025485697874,34.207260711048555,13.515579256769229
ADV,31.450000762939453,-4.610252961741492,24.112078032989153,-12.784249680495313,107.59076933884748
ADX,26.1299991607666,0.9269979790502538,0.9269979790502538,4.776934832717377,17.944274449147223
AEE,106.47000122070312,0.4339204558089947,-1.6625062142537277,0.9324029049235736,-3.106698723654563
AEG,9.140000343322754,2.732116903415044,-0.7429583470859716,16.731794519078015,36.51682696450856
AEHL,8.170000076293945,25.885984043514586,64.71774220683696,-56.35683559846275,-77.70196448583418
AEHR,86.26000213623047,8.817971223889872,-13.515135368210851,-24.72292094165334,113.04025329814907
AEI,1.409999966621399,-0.7042247017941755,13.709673852999948,1.0752678064499148,-16.56805213720382
AEM,204.72999572753906,1.0214112444609151,22.19187730745892,19.536612026142137,-7.133517624073884
AEO,17.389999389648438,4.570055726008839,-1.862302124680974,7.229520717384406,-8.741650503336997
AEP,124.5,1.690761814640548,0.14998134899256943,-0.6825491760470745,-4.302533793709622
AER,145.39999389648438,-0.370020923590627,-6.086983431713213,8.394469875820414,3.8096182254740043
AES,14.789999961853027,0.33921432504249155,0.6122459439160346,1.7497669558024331,6.553734905687017
AFB,10.600000381469727,-2.2965815644968,-2.5647557567490806,-3.8887053789921326,0.027439158009322836
AFCG,3.569999933242798,-0.8333325606805102,29.34782411515825,3.5987427284149462,43.811487293182324
AFG,142.72000122070312,0.11925511420970553,-2.732907124376969,11.442052098363273,9.895767426466001
AFL,117.20999908447266,1.173932350681354,-6.9948653585325635,2.882363139985772,6.637522358519137
AFRM,72.3499984741211,-2.820683089592358,-5.523639665438405,9.174592031144787,37.809520903087794
AFYA,14.680000305175781,0.5479446686014496,5.535589261037461,1.241381415005388,11.000648779710769
AG,20.969999313354492,1.8455520055877255,21.451161181473193,6.154585906297206,-20.03899604068511
AGCO,133.39999389648438,12.754624840911868,31.657613780275877,11.857235271057176,5.196514082522059
AGD,12.180000305175781,-2.55999755859375,1.3083181033607472,-0.14106666162093898,7.432046685242627
AGEN,8.239999771118164,8.278575907367522,10.013351440837685,155.90061173616186,182.1917656103744
AGI,36.970001220703125,0.9833395366012955,18.874600537725115,-2.0771067216487844,-24.980080924124366
AGIO,33.099998474121094,-1.7220956823018663,3.599366772208612,19.58091802452707,19.58091802452707
AGL,88.5,0.6940500791759109,1.9232962498315174,7.013305037227203,432.3308270676692
AGM,227.77999877929688,3.583449341304634,-3.8578420818367536,31.539206601584624,43.23219783822652
AGNC,10.649999618530273,-0.7455724801399315,1.4943683080203327,8.242800910736042,4.560428633438787
AGO,75.69000244140625,1.3253086125960798,-7.866939922072431,3.9266055353411677,-11.427366412172848
AGRO,11.770000457763672,3.4270680087942513,25.747872750905255,-3.4454400088373305,22.405753171761344
AGX,417.989990234375,-1.6470976166143618,-29.258552018456303,-39.0514328860261,-2.6907938986192756
AGYS,111.36000061035156,-4.33811776728047,3.513663055363249,26.04414548232325,39.63636440169475
AHCO,6.489999771118164,16.10017162725154,7.361450607243633,-33.23045686394806,-32.39583840386715
AHT,3.140000104904175,-1.8749981839210066,-3.0864168005624912,3.289478431117891,-1.2578604092237398
AI,10.460000038146973,-3.327168824685393,6.0851967785151295,-2.3342670318351804,11.39509750481636
AIG,76.20999908447266,-0.19643992231525945,-4.701765760705098,5.742858358727224,-3.623130725725087
AIHS,1.9952000379562378,7.848649310438706,,,52.30535306153129
AIN,62.43000030517578,13.200367898688276,2.4105798411294215,-1.2170135875082904,6.739950912660447
AIR,126.54000091552734,-2.126995524332217,-13.565569541621372,13.631465716573201,14.298619783183508
AIRG,5.25,-0.19011841153401954,-7.894733760055199,-24.351585638132132,28.048783466264293
AIRI,2.609999895095825,-1.8797063579510669,-0.3816790419867876,-13.861388787449519,-24.78386531480356
AIRT,31.75,-0.06295391084511093,-7.3263235391217485,47.674418604651166,51.913878370839505
AIT,325.57000732421875,0.4907698882563846,-9.159688559025634,4.034894274416967,18.76294274167818
AIV,2.559999942779541,1.9920299803290422,-3.3962320509053336,-14.093969074552762,-15.476356066765806
AIZ,285.739990234375,1.3765717322283224,-3.2985854706742486,15.774273300088613,26.598488572895018
AJG,262.69000244140625,0.20599220198155305,4.349724600502375,30.15525122716671,15.118756398076885
AKAM,105.22000122070312,-3.1301799299447124,-11.244202014263074,-34.38513293825034,4.178219030399133
AKR,20.290000915527344,-0.8793278156571246,-2.027997042550362,-5.963930783651884,-3.179498941489778
AKTS,27.049999237060547,4.39984328970307,15.401018006623804,39.64893167310311,31.694245527574093
AKTX,11.470000267028809,9.971236159378998,41.955450189755226,-23.45678658779395,16.093118766910706
ALB,126.27999877929688,-6.438469558280841,0.685696557891119,-24.793661352351457,-22.57915258740369
ALC,70.5,-2.164859299815099,1.380499096683649,9.77888299583579,-14.147881647410603
ALCO,40.43000030517578,1.7618947168506598,5.533800198093408,1.2730217709894749,1.497620353915434
ALDX,1.4800000190734863,0.0,-6.918239748170006,-20.430107113391298,-68.17204325333374
ALG,173.55999755859375,5.456310382568377,4.4472524950833865,15.856234891459911,0.6527404053425534
ALGM,36.61000061035156,0.9931051320043103,-13.767520830555387,-31.067595199356894,11.683959651254265
ALGN,158.63999938964844,-0.7196908096898805,-6.174593286223131,-1.8984646569527883,-9.658317838479642
ALGS,6.210000038146973,5.9726944822211765,12.704170239339357,20.81712450302017,-6.756754047674553
ALGT,78.16000366210938,2.774491158028681,-19.56364604822167,-5.808627982444486,-7.096153317734774
ALIT,14.920000076293945,4.2627507951784205,-4.297627131085868,3.0386778174556652,-21.473683808979235
ALK,42.040000915527344,1.7178781829599983,-17.06450571222522,0.40602337707039804,-4.018261078059594
ALKS,46.099998474121094,-1.8940267558099446,-4.692992573682531,7.811039017057032,62.61022170656905
ALL,259.57000732421875,0.6865863518470948,-5.2559632527799405,24.510510380828617,23.81788867513204
ALLE,157.1199951171875,1.2045057115539453,-6.8642572854387645,21.257158159150332,4.009527205363195
ALLO,1.9700000286102295,-1.4999985694885254,0.0,-1.4999985694885254,-14.718611367591711
ALLT,7.639999866485596,-1.0362684699511977,0.3942146181978726,0.3942146181978726,9.77011242258076
ALLY,43.72999954223633,3.6010435696095957,-0.748982797932306,7.5832411041672945,11.11136204105425
ALNY,266.1099853515625,10.56129571328768,23.130664151305737,-9.04709906197401,-16.9729564620596
ALOT,28.989999771118164,0.27672059539362437,2.077465353918282,111.60584069141805,221.75359638937434
ALRM,56.47999954223633,-1.876306124544031,0.33753530577146273,25.539002967561338,12.622129259738813
ALRS,33.790000915527344,2.7051651926166946,0.5954175707976124,21.205320154956127,41.87137977841221
ALSN,131.24000549316406,4.399018732770365,13.158491973536979,10.487545953273013,8.228358641201318
ALT,3.4200000762939453,9.967851821698162,13.621265353146631,19.163770476169272,-2.4251079991913493
ALTO,4.039999961853027,2.020200074126503,-10.619469493340473,-26.943945595382907,0.4975119657066306
ALV,125.19999694824219,3.291805869075913,4.580282610348444,-3.318164518405837,15.049376992261507
ALX,262.4200134277344,-3.4013068209583395,-2.1942815988083573,6.693583939170487,16.520535727473263
ALXO,2.009999990463257,4.145080056452086,-4.739332208735815,20.359283959033405,-5.633808334754891
AM,22.600000381469727,0.8028559525568724,5.165196008253876,7.363591511424403,0.934948123178212
AMAL,49.16999816894531,2.28832635969318,-1.9541442215667382,21.107020327130137,28.62568731700361
AMAT,454.7099914550781,-0.8028148685092478,-13.703606660071047,-9.10073834305075,31.52168943060754
AMBA,62.88999938964844,-9.354278063840374,-24.943312206129683,-14.783202182875133,13.499367556099493
AMBO,1.9900000095367432,-0.9950239314132612,-2.9268265451297886,-12.719296732107338,17.751475867385103
AMC,2.6500000953674316,0.3787875024959444,3.1128468561355356,44.808744984822965,119.00826543986847
AMCR,45.150001525878906,-0.19893090658763846,-2.680179733869089,20.90472076681598,6.572747336694746
AMCX,12.479999542236328,-0.873714130408106,5.139003054409169,32.20339085787959,50.724637013460516
AMD,477.57000732421875,1.4552188319492954,-2.3933108821724463,-11.971910688779666,139.443476877139
AME,237.72000122070312,1.0843232859686036,-5.434005647536426,4.314253691473703,5.120077039745616
AMG,370.2200012207031,0.5513454373655702,-0.523932897229613,18.811984847060298,23.75234126166831
AMGN,437.2300109863281,1.7097808737392368,8.62916716960921,30.029330027106475,20.540324838697956
AMH,32.470001220703125,-2.49248659271347,-6.020254883613087,1.7217543940158782,10.629039502907196
AMKR,47.77000045776367,1.1795128482014698,-11.636057057338252,-36.359156286705264,7.72793133969948
AMLX,34.099998474121094,1.0370325159143519,40.96733245669416,158.33332550646065,141.8439542663803
AMN,33.79999923706055,-1.4002320867240519,9.740259981533397,11.514351146853954,49.9556249519778
AMP,560.5599975585938,1.346931424912885,0.13218359913786287,27.528475057443053,19.343801183911133
AMPG,3.369999885559082,0.0,-37.93738504426111,-36.772984356520325,28.625955448847563
AMPH,23.18000030517578,2.885040384910223,17.011614992858274,27.924940571671936,13.405086592599208
AMPY,4.900000095367432,-0.40650367106455254,20.098043798896263,4.4776126990375715,-18.333331743876137
AMR,225.41000366210938,-4.3657163425387795,48.1790763196265,5.935710572079097,33.33924850217003
AMRC,23.149999618530273,4.656413834623395,-9.393345167106887,-30.543059265719457,-14.701547018604591
AMRN,13.630000114440918,-1.801152722901616,-4.417953045785596,-6.194078699726415,-3.8787036593652973
AMRX,17.440000534057617,-0.1717159729591014,-3.4864370304724015,35.45631482763198,31.523380339551206
AMS,1.4299999475479126,-0.6944520329984546,-2.0548006722750554,4.379557851876454,-31.578947068221368
AMSC,29.549999237060547,2.9258104471420596,-10.18237730531189,-36.683093215282334,-4.1828823253721525
AMSF,25.989999771118164,-0.192016676847982,-12.579885061232115,-12.671745363437562,-23.14348547558696
AMST,1.0700000524520874,1.9047715280065776,7.00000524520874,-20.14925180604293,-39.2045421448867
AMT,175.85000610351562,0.08537800676093767,2.7161268914503807,-2.5852736600505497,-4.443402282412238
AMTB,29.68000030517578,3.378618083020889,1.9931268594600655,37.768597258363066,37.61769813455288
AMTX,1.8300000429153442,-2.139035387755625,12.269941611582345,-25.306122151080494,31.654680701345132
AMWL,12.989999771118164,8.521298925104698,0.4640329816416592,53.546095892966626,131.55079254838685
AMX,23.0,-0.17361507785525276,-3.84615415284098,-8.866853714987483,-4.608995037598707
AMZN,258.510009765625,-0.48503649433521034,-5.050319366342742,3.395730480794658,18.07344792316272
AN,212.36000061035156,5.520497197690218,0.48738880914802407,11.621550912142741,9.8603193262704
ANAB,56.79999923706055,-0.4032957165691242,3.706406358098034,10.850892616052148,48.7430080258483
ANDE,69.30999755859375,6.84444985975534,2.001472658471907,-4.65882571233278,9.654677569368388
ANET,193.77999877929688,-0.9760353816139742,0.7591469423234933,11.131504390456994,39.01004825236506
ANF,149.6699981689453,4.605812310284933,35.47247793376556,95.85187353454623,69.30994975733088
ANGI,4.900000095367432,5.376343975757394,-1.209676256413027,-18.739636403376387,-47.81682730340015
ANGO,15.199999809265137,-5.765650340289697,0.5956330551478123,35.714286322496385,39.83440634124117
ANIK,20.809999465942383,-0.2875005791960457,3.224204481398904,44.413599488549956,46.035083971525495
ANIP,71.2300033569336,-2.7576745980428754,-13.796435042254362,-5.317027544212303,-5.780416938346114
ANIX,3.069999933242798,-8.358208339127735,-10.495630510431925,21.825395098378884,6.228367536498459
ANNX,4.869999885559082,-1.417007507096331,-13.035714848309157,-9.647495246888859,-10.313074778694423
ANTX,5.889999866485596,6.126120073262805,-3.125000980339564,40.23809842782241,244.44442895265928
ANVS,1.3899999856948853,-19.18604868756812,-25.268818548144946,-24.86486660641765,-43.95161391110871
ANY,2.319999933242798,1.3100424405900453,3.571425150243618,-58.93805497198097,58.904100864773554
AOD,10.710000038146973,-1.1080321921001246,1.602148019014651,5.548683086156267,15.606738683710065
AOMR,8.3100004196167,0.12048468255457401,-2.8539227934544633,8.102407684223703,3.77450417614853
AON,323.0899963378906,0.4883078433272741,-10.439363454500175,2.6066137814071846,-4.158937546049958
AOS,60.47999954223633,2.283102401039961,-3.984762770832749,7.2558383327412805,-15.034471811293146
AOSL,25.200000762939453,2.189784748048216,-24.392441108539746,-52.20030314975899,25.124138662545125
AOUT,14.479999542236328,36.9914849602759,15.470491118698762,50.83332257138401,60.532137554085594
AP,8.680000305175781,1.1655056218990303,-8.53529489439539,-25.811961994203124,-5.958821932154593
APA,42.77000045776367,-0.880651343401069,17.081855699385553,12.368977263718595,33.90773325320136
APAM,41.56999969482422,-2.3490721333540034,-1.57102291356592,15.965158923489867,13.325892200215081
APD,301.2699890136719,-2.6465464575556057,0.45011187166500183,7.394161647984404,10.382539995440242
APEI,45.36000061035156,-0.6352703304137739,-10.673490152101103,-13.418589160521938,0.08826327404391414
APG,40.040000915527344,2.0127411860569264,-2.9333311138731064,-5.253188580640997,-4.870513731595944
APH,82.77999877929688,4.42131464642581,-2.959968954745675,12.322022358315879,21.944706375546637
API,4.239999771118164,1.1933105779209376,2.1686668357236276,-12.936347623108684,-2.9748310719757884
APLE,15.600000381469727,-2.1943538055223066,-1.965139814774139,4.190940836504071,29.98874284985015
APM,8.40999984741211,-11.844864978609806,,,20.142854963030135
APO,133.6699981689453,-2.1306220699198417,4.878983927477574,7.949028748607462,21.18004577487121
APOG,39.970001220703125,2.3297486313821834,-7.326686225723759,7.818492691154885,10.86948654792079
APP,320.55999755859375,2.7238351812151134,-4.50144941898232,-43.843177835523605,-36.96712303415873
APPF,214.27999877929688,-8.509460468492566,10.391014427656273,28.874717792250497,12.838338950185637
APPN,38.369998931884766,-10.663566355525338,26.175597252263888,59.41005159271141,42.1637616053049
APPS,10.710000038146973,-0.4646857776141444,-24.947444326673875,23.529411117664488,152.00000089757583
APT,5.360000133514404,-2.722324666724591,2.6819990220270458,0.37453146732254694,2.0952406383696056
APTV,47.95000076293945,7.1269047386706434,3.563718257166131,-37.58135777997132,-33.59645288619016
APVO,1.7400000095367432,-28.68852587163974,-57.24815881699401,-65.33864509665594,-73.06501549130245
APWC,1.3700000047683716,-2.1428551357619274,-14.37500097788869,0.0,-16.463413614733163
APYX,3.049999952316284,0.0,-26.6826907646726,-19.525066411212794,-6.441718980408064
AQB,1.149999976158142,-9.803921751955851,7.47662801723432,14.999997615814209,23.65591046382604
AQMS,3.0,0.3344478405137593,11.94029571909666,-21.46596721394966,-37.888197776655396
AQN,5.670000076293945,0.17668249384155527,-1.3913030209748642,-1.5049283352667853,-15.791478949059478
AQST,5.340000152587891,4.5009787292374055,36.22449103716459,32.50620036175728,25.352109522997207
AR,39.40999984741211,2.4168407386673603,12.922630728795149,7.88393420299662,1.2850167102564376
ARBK,2.9100000858306885,-0.17152233577253673,2.826860928669877,-12.084588032136232,-2.020200074126503
ARCB,141.1199951171875,2.2831005788319887,4.4327728506679005,-0.6224448272886723,41.79584914240437
ARCC,20.040000915527344,-0.14947075113614117,2.1406730801666765,10.022513984849658,11.121250157056501
ARCO,8.170000076293945,3.1565656261582267,-2.0383701820580247,-1.1111576685877973,3.868983117419193
ARCT,15.819999694824219,7.181568086077764,160.1973666667608,108.15789333340862,118.20689234240302
ARDC,12.300000190734863,-0.8064470231593661,0.26456348851276557,1.1040203426464112,4.743558882881338
ARDX,3.7799999713897705,0.0,-22.38192894832436,-30.258304092600014,-39.71291893319587
ARE,52.650001525878906,2.651590146374595,8.60148932140485,4.039145949053249,4.621843229475444
AREC,2.430000066757202,2.9661091005486964,8.706042839666422,0.3100390063359092,-24.305917555487643
ARES,140.14999389648438,-2.109383467964589,1.4330142243456154,14.997443978174092,22.598361216457246
ARGX,1033.1500244140625,0.14442647626257504,18.033821412371527,27.05684209388548,41.89477485536937
ARI,6.880000114440918,-0.4341495460730976,2.8400606217543087,-1.9310769143768476,3.4926717945789956
ARIS,20.049999237060547,0.30014740685025365,27.544522242238735,18.991090701160584,2.243746114300076
ARKF,47.099998474121094,1.6181230306161771,12.356871496748226,17.95641901864931,13.357399131093658
ARKG,47.13999938964844,-0.19055717438109707,16.25154198909326,38.97406230642547,63.79429556970905
ARKK,86.22000122070312,0.7596137994589969,13.851838635643082,10.31217653652836,16.52926572514773
ARKO,4.889999866485596,7.236840522960702,-32.490900819076046,-34.38115632184908,-20.76667183295709
ARKR,5.320000171661377,-3.0965319953403716,-8.591065038702054,-14.879997253417967,-23.89126829956453
ARKW,158.91000366210938,1.1650126112316461,10.765697360659647,8.419182452924396,21.593083398521873
ARKX,32.220001220703125,-0.4941316928172127,-2.39320551650784,-10.100443405336808,2.5461525858262872
ARL,15.600000381469727,4.000002543131511,4.0693837202511185,6.412009166722829,-8.771929628875696
ARLO,13.970000267028809,6.235746557308141,-9.696185999407822,8.294578915812734,-1.8271207559480998
ARMK,56.779998779296875,0.8346606189727226,1.0350630088819954,6.262311391903337,38.95130456797633
ARMP,5.840000152587891,5.98910907437517,24.255327438002546,-23.05665302790961,-46.715327260388676
AROC,32.689998626708984,3.711923070918392,-1.9790101277643402,-3.8132203566756444,-7.531048821457448
AROW,39.56999969482422,4.848961141942817,-0.23192889745191758,11.45137458698784,21.881740013206844
ARQQ,21.3700008392334,7.494978578305635,-0.4657590932426998,45.96994766451745,34.23367296998262
ARQT,23.899999618530273,-0.29203044150785423,-9.572458030392298,11.943790124115237,-0.29203044150785423
ARR,16.350000381469727,0.8014862738508254,0.22851624044950258,-0.03930975292345152,-0.5641855124834904
ARRY,4.599999904632568,4.072394236009792,-12.380954197474889,-47.428572518484934,-35.57422982282561
ARTL,6.039999961853027,-5.031449134334396,-10.756503405602203,-54.033487031662645,-80.88002553758068
ARTNA,36.189998626708984,1.7430389013328595,6.152866314733085,13.90076265079154,9.38364270820182
ARTW,3.319999933242798,20.28985306936711,55.14017619132132,28.682171760445875,46.25550489598333
ARVN,9.390000343322754,2.06522323909476,8.179723654198584,21.948059427535302,-31.559765593530532
ARW,215.97000122070312,5.644968428494698,-2.8431293608860573,-5.833880325590016,50.89079428001716
ARWR,86.33999633789062,4.794267480888547,0.5941914201980283,19.00757092497282,35.75471448009934
AS,29.530000686645508,-3.33878420912583,-18.22209862222983,-14.057042601596844,-16.46392655925083
ASA,63.09000015258789,-1.1128512428887734,15.4859947264587,3.8689470022754415,-13.875276543084897
ASAN,8.8100004196167,-14.132551431952178,1.4976971183215333,10.539531386924288,11.378009981871747
ASB,31.06999969482422,2.30490232547682,0.4991386120215262,16.501235663637733,21.820811777387537
ASC,18.170000076293945,4.485340506163621,11.756041971778245,19.103805195285815,20.755994391863144
ASG,5.119999885559082,-1.5384601277006635,-3.7594037527979447,-0.8180689751747232,5.509168288580564
ASH,72.93000030517578,0.027426473819803565,1.2284233533974085,28.684413271223224,28.788698594424527
ASIX,17.450000762939453,3.8072654213567003,-12.5188574739758,-20.49322080796901,-13.300409795790106
ASLE,5.800000190734863,5.646638115497781,-7.936507696227189,-7.496009435748017,-20.765026574876817
ASM,7.329999923706055,0.41095523544323975,14.890278874993179,7.4780020411706225,-8.260323733648185
ASMB,36.599998474121094,8.831392541410676,38.37428135504389,48.96214460202476,32.32103642815247
ASML,1714.8800048828125,1.1126110700133889,0.6166507152634051,-0.5365095085171601,25.759916968698636
ASND,270.55999755859375,2.8588765090416324,8.288969761520736,24.802807296318317,13.99199098423205
ASO,44.939998626708984,4.608937580149934,-5.0897569695367215,-12.963387775031645,-25.14649828032184
ASPN,4.920000076293945,-0.2028347341352258,-28.59216006337159,-16.610169546318545,50.458718807084665
ASPS,5.650000095367432,1.9855619904663553,-2.2491368464020947,-7.679735277457679,-5.833331743876139
ASR,257.3299865722656,0.31966659211071086,-7.3118963921480695,-13.289754322021183,-22.389765471767056
ASRT,23.5,0.0,,,0.0
ASRV,5.059999942779541,4.7619052320192905,5.636742861727775,35.82496639443449,36.49517820340203
ASTC,7.369999885559082,2.7893975890794316,-18.20200112832053,-81.71215874668924,203.29216802838337
ASTE,44.220001220703125,3.924799091859974,0.38546015643043685,-13.429054703733327,-26.36173211417786
ASTI,3.130000114440918,8.680555210621282,-2.7950283655170027,-54.70332585299338,-49.59742197723253
ASTS,62.310001373291016,5.431477126984239,-7.497029678299152,-42.16095847797939,-33.61389200074327
ASUR,9.279999732971191,1.754384313814067,6.544198534188348,3.2258061094139223,-0.7486700068725747
ASX,37.5099983215332,1.515554931071674,0.6979820712300755,-5.068068357023625,71.74675049920943
ASYS,14.949999809265137,2.2571814383665787,0.0,-29.046036897012588,7.786589276258825
ATAI,7.389999866485596,0.6811949980692643,2.9247916875725677,63.134647333675154,108.75706062486144
ATC,24.280000686645508,-0.6952968138619697,20.818652618611143,18.054118229459906,6.995035923573732
ATCX,3.1449999809265137,-9.365995533258877,22.37354329259406,-23.479321684662143,-49.35587823498689
ATEC,9.449999809265137,0.8537878834913274,2.6058606962443767,23.04687526678512,-24.8210020788128
ATEN,24.59000015258789,-3.1508438609364773,-10.710272184500198,-21.615891027948287,18.393235953694163
ATEX,86.2699966430664,-5.08307050017233,-14.00518649770559,28.915121045386687,121.20511959760616
ATHE,4.539999961853027,1.1135900508612169,-0.4385960784535167,13.216950192518532,28.977272342428684
ATHM,22.030000686645508,0.41021034820934826,-2.994268715281802,25.51661205728611,21.183857855387238
ATI,210.64999389648438,3.1586665252874826,-5.71991191793212,17.066795064137114,36.626024064906765
ATKR,93.76000213623047,0.07471415626015869,0.46054217564283023,10.66966737262684,50.30203964820746
ATLC,93.12999725341797,2.940196746793158,-16.692014947034096,22.00968822134659,59.006313366342376
ATLO,32.439998626708984,3.8079956054687503,4.006162131546661,14.45776532577312,22.544295932922463
ATNI,30.93000030517578,2.519059419820836,0.9794356925528278,20.684788728306383,25.984927081887964
ATNM,1.0299999713897705,0.9803912402207475,30.876743426391556,-11.206896463132214,-12.711862951337249
ATO,167.55999755859375,0.8607672507985307,-1.9826069570386664,0.16061325825096,-8.553402041732188
ATOM,4.039999961853027,-2.884612739438744,-23.988712730780435,-55.60439788464565,-15.126055302689402
ATOS,2.5199999809265137,0.7999992370605469,4.132227333881368,-46.38297695334321,-46.15384458633407
ATR,127.41000366210938,-3.1985956627104954,-6.164380020942907,13.623497556941757,-4.72394512700101
ATRA,9.760000228881836,9.662928620367527,18.303033077355586,1.349949251256736,95.20000457763672
ATRC,51.52000045776367,6.556364185490706,30.46340407186314,96.64121739507726,69.9769098170185
ATRO,76.26000213623047,3.515683496211815,0.28932301164425794,14.421958280814126,26.527779861141042
ATTO,25.549999237060547,19.392521927602214,25.368009269827045,,16.66666521510756
AU,109.06999969482422,-2.8935185263802685,25.306927412643134,22.155071409675458,4.700070593337773
AUB,40.90999984741211,1.438130399267215,-2.7573089037954563,13.565758692892214,14.002112868598623
AUBN,26.540000915527344,0.9125539369925129,0.5303079508334644,3.350401180315225,8.741868061061293
AUPH,16.079999923706055,-0.18622399446857077,-0.30997668730300537,2.6164635955067395,9.090910267268201
AUR,6.340000152587891,12.611012854614808,-6.4896761593595365,-8.77697371824453,41.8344619724482
AURA,7.559999942779541,5.292480829053808,-2.0725369399023954,9.883718270750075,32.63158238165278
AUST,1.2300000190734863,3.361341170559033,0.8196713302251629,-8.88888908511817,-20.12986691288804
AUTL,2.240000009536743,-4.680846789779938,12.000000476837158,38.271605119965386,50.84175003088605
AUUD,1.0,1.317123768472609,5.263159215615413,-27.007299524128697,-83.22496609641018
AVA,37.54999923706055,1.0495139699942646,-1.014123087922746,-7.423634545429067,-3.6277679889728356
AVAH,13.579999923706055,1.1922492287816349,45.86465426029653,100.29497792729303,87.0523346498242
AVAL,5.340000152587891,1.908404309880103,4.780391228560976,8.16805178563184,37.30229631597206
AVAV,144.64999389648438,-2.4941099122365094,-15.468678106597519,-24.452920575401464,-34.416940742821325
AVB,68.13999938964844,6.41886723208945,0.3718296816420474,,-1.1504570129776988
AVD,2.3299999237060547,5.909085145666705,-9.338522014431097,-5.668020375811383,-50.73995952832034
AVGO,357.8999938964844,-3.3590761366364132,-14.901208440054514,-25.199502889130056,7.947958549310551
AVIR,5.829999923706055,8.97196313326761,16.83367116467147,38.47980690926842,9.999994601843687
AVK,12.399999618530273,-1.0375109115033598,-1.4026435863014701,-1.9824917985430588,6.568581126907286
AVNS,24.989999771118164,,,,0.08009795079559814
AVNT,43.400001525878906,-1.4979569379046784,1.7584993509201157,26.742690408972592,12.907570023821934
AVNW,19.780000686645508,-0.7526322941967986,-6.033247489050188,13.547649827873284,-23.035019068290648
AVO,12.680000305175781,-0.31446510230593494,0.9554130696656787,14.440436755296982,-8.182477046385792
AVPT,13.430000305175781,-3.52011327896933,5.003912003374471,25.514023781072737,18.954830385770133
AVT,92.05999755859375,2.7914248192831845,-4.896699735256865,-0.9361914814645449,48.018634922496375
AVTR,14.970000267028809,2.957361116258081,13.581183007636918,65.04962260992595,75.70421904599442
AVTX,19.229999542236328,-0.568772541280685,2.834217955473305,39.956330877517814,9.385663399834849
AVXL,2.859999895095825,2.1428551357619274,-12.804880486507653,8.12854123703999,-39.91597147952946
AVY,175.05999755859375,1.1299617798619126,1.1997027360194412,12.949761828251704,-3.550975714841164
AWF,10.029999732971191,-0.235457296259291,-0.13677855130007516,0.6263158076020909,1.4353818253960524
AWI,173.3300018310547,0.4345810592435874,-5.78355129588979,13.342010077036035,1.337056016346167
AWK,140.6999969482422,1.786877882548495,5.055529211995377,14.397762988874744,5.956350774944384
AWP,11.460000038146973,-0.693240242378725,-2.626244046162398,4.549689653099323,0.02119170460461781
AWR,88.52999877929688,-0.8511615280970459,3.97648679523804,16.791214865546422,18.835851878706322
AWRE,1.2699999809265137,4.0983566511258145,3.2520293685164203,-5.925929000184642,-19.108284172157948
AX,97.94999694824219,1.1984668062222879,-3.857479791052835,15.752769757737429,10.953781493722776
AXGN,48.279998779296875,-4.885736060366009,8.861331319930027,18.828445754546255,65.56926965684339
AXON,515.6699829101562,-8.982281641438062,-1.299628445610594,7.101015856045365,-9.609284696072756
AXP,326.1600036621094,-1.2145287586822862,-4.7985995763347855,8.810865111460366,6.795607471088294
AXR,23.139999389648438,0.043234886488013595,4.8007222355300865,-10.518179259494406,-7.477012483486105
AXS,101.13999938964844,2.3891482481433184,-3.1689781285814145,7.404050213088517,-1.510044077685137
AXSM,206.67999267578125,4.110411156409733,-1.6418465363646133,-11.482295681460222,28.006926843531645
AXTA,35.779998779296875,-1.7572746343357963,-4.688338021596835,14.753041786717072,18.24189857456261
AXTI,61.63999938964844,1.6993875085375958,-17.999200623748944,-42.23055187194743,58.86598093221568
AYI,334.04998779296875,0.6811474697378932,-6.428574847907913,6.842626949526677,18.762401202667114
AYTU,2.2100000381469727,-3.4934465082401207,-5.150209849286709,5.741632961997332,-14.671810371245355
AZN,162.6999969482422,0.3515648234524371,1.0119758799926184,-7.70365437094023,-17.62859789947539
AZO,2983.2900390625,-0.26577443461004585,-2.812402669686007,-2.559399858921298,-20.27594658790183
AZTA,31.329999923706055,-4.042883738080678,1.9193238678623108,31.142740578224448,26.381600510883196
AZUL,7.489999771118164,-1.4473701959832115,-13.41040345166172,-15.748037324386887,-17.05426364776107
B,44.75,-0.1784560066630837,8.58644141251724,7.315364045622832,-0.547681302756142
BA,212.25,2.151314489827841,-8.58779543983086,0.7930468963929102,-4.41772388834024
BABA,113.23999786376953,-0.6840894599730784,-10.701048778550819,-10.164301608310698,-12.328359880480248
BAC,62.68000030517578,1.7110110347552947,-0.00032255632092016923,20.85330247714471,27.856097494170246
BALY,9.140000343322754,2.008931968855296,-30.494291950828984,-30.547109047876482,-37.39725955813527
BAM,50.599998474121094,-1.7475757784056432,-3.9080268920166894,12.910719613475413,9.227346943212094
BANC,18.920000076293945,1.61116661406605,-0.4210522300318668,2.1096421401797256,7.2766085658383055
BAND,43.77000045776367,-9.622134664562635,-2.0586220568721956,-33.277436774589646,171.02168106272035
BANF,112.88999938964844,3.360188727272829,-0.3882488611110924,5.789204147885216,2.1634526257239592
BANR,71.1500015258789,1.4399802466772322,0.9363082452987331,13.955989384703326,19.435134647950097
BAP,382.5299987792969,4.407989977960175,-2.5575077967252744,16.831587285890194,19.87873016030893
BARK,10.739999771118164,1.0348039086830387,17.248907751373356,17.248907751373356,-30.709678896011845
BATL,1.2899999618530273,-4.444448957717879,-4.444448957717879,-16.233766635888994,-93.21052651656302
BAX,25.829999923706055,-0.653846447284405,-4.331860319458972,39.37413594597507,38.99675169651189
BB,7.699999809265137,-5.521470310771465,-12.30068287645127,-24.361497264884626,116.90140599131793
BBAR,14.819999694824219,-2.113610576235331,-14.87650876098588,-15.591266494712144,5.2927795772378525
BBBY,3.950000047683716,0.5089053584423078,-12.222221162584093,,-21.47117528978758
BBCP,10.5,16.279073205964824,8.471070960460349,34.44302275197074,54.86725184477249
BBD,3.4700000286102295,5.91548904235576,1.8776502356083868,5.029848302370811,-3.2825649203805214
BBDC,9.020000457763672,-1.7009978254640519,0.8633173161159712,13.025880444299823,15.359058906123144
BBGI,17.389999389648438,-10.221999813105445,-26.40710957568958,-13.825574198885231,345.89740934378284
BBIO,74.83999633789062,-2.28489369849237,-9.613534324257733,14.294429598507211,13.102612073237577
BBN,15.649999618530273,-1.0120227504099262,-1.0209964238948244,-0.5364054434788069,-0.9679905683651109
BBSI,33.90999984741211,-1.4244234207320359,2.7253947610794382,5.140222399059838,16.979012398642045
BBVA,29.510000228881836,1.8991752824469914,4.8685176579547695,30.28697892223937,41.34291555559291
BBW,29.43000030517578,-2.775025239130602,-15.211751421966635,-15.964724106308697,-34.102086996986856
BBWI,19.510000228881836,1.350650539645901,-2.131475531144272,10.615635485258307,-10.574530498885423
BBY,90.2699966430664,12.626319306955905,12.809298212946308,27.52161920622733,41.5609783177914
BC,74.43000030517578,-1.9367604626488875,-7.897276699241318,-8.873037580982142,1.868536947421796
BCAB,1.3200000524520874,-21.893490665137026,-60.36035787703501,-61.17647013449753,-84.28571294765077
BCAT,16.0,0.12515931374596836,1.8484988330401817,7.062614773991157,16.204947786021908
BCBP,8.670000076293945,1.4035074021298726,-1.4772739957186527,-21.9621931213727,4.909329571386121
BCC,79.20999908447266,1.8385193206719517,-5.71537288296441,15.673015516489139,3.085900805040481
BCDA,1.0800000429153442,-5.2631529414422,13.684216470269359,24.137935286894965,-10.743800920098646
BCE,23.670000076293945,0.339126423012246,3.9525674151816235,-2.1820751145429034,-6.550974155821105
BCH,42.349998474121094,3.016292496617716,0.45066088092181766,15.112795379809665,19.58364916435877
BCI,25.93000030517578,0.8557029503590802,9.270968417103155,4.810026455403776,14.481239478530034
BCLI,1.0499999523162842,-1.8691681453631321,31.249992083758233,36.36363354877704,49.9999957425253
BCML,30.799999237060547,3.2517576796358916,0.3257279206383939,1.563727440566168,7.584802280137672
BCO,108.87000274658203,-0.05507900342023521,-3.5268017557410603,8.14634829531942,-10.997073155397448
BCOR,27.003999710083008,2.2027053424384406,27.077645694508274,8.897249700602949,14.549985157237405
BCPC,171.61000061035156,-2.4333383331336593,-4.883049355950035,9.57093982920132,-2.3278294871544354
BCRX,9.960000038146973,2.6804147834466123,7.096772407269787,20.727273189660274,17.17647103702321
BCS,27.0,1.3513536734218121,-3.1112088197299252,10.584285018240525,21.72653541157996
BCSF,11.819999694824219,-1.6638997946982057,-8.655331699214058,-4.324291944514091,-2.02445529410565
BCTX,3.569999933242798,-0.5571025460913265,3.4782575043628876,7.854984741930972,-10.972575324808135
BCYC,4.300000190734863,4.116224493542378,8.31234659310963,2.380961571691675,-19.626163226442483
BDC,122.27999877929688,6.832080864383879,-5.3487139341477965,10.608762527735895,-6.1840448738946066
BDL,46.9900016784668,0.25603317541446685,1.512207278234569,37.192898397608744,42.598708315148876
BDN,3.119999885559082,3.3112551411966935,-3.1055944771003032,4.909655889336752,5.748313862573709
BDRY,16.559999465942383,7.045889981247694,18.79483475197523,31.220282219588576,43.7499896519718
BDSX,26.18000030517578,-0.6263010532517707,18.461537797651026,62.608693694862374,65.06936237009118
BDTX,2.119999885559082,0.9523800873701953,10.416663174206933,0.9523800873701953,3.4146309693180865
BDX,184.74000549316406,-1.7915023689612661,4.331619049917014,27.767585834117604,10.174500213439917
BE,252.8699951171875,22.573917293518374,10.442866746243933,-11.99011949354332,58.05361987314386
BEAM,29.65999984741211,0.781513896878481,8.844036137292143,0.3722524981104016,16.222567850264166
BEEM,1.409999966621399,-0.7042247017941755,25.892853626639273,-0.7042247017941755,-6.000002225240072
BEKE,17.920000076293945,4.246652237095744,5.910165457984052,5.972798568868145,11.973183855251646
BELFA,202.4199981689453,-1.1476320039475978,-12.993765966308017,-18.54866681111923,9.800102981591028
BELFB,243.7899932861328,-2.2023449615084068,-15.760194047089657,-12.938313085991354,20.40824801067025
BEN,34.72999954223633,1.6983835737690929,2.147057477165671,15.504001165156344,32.21110563232353
BEP,31.40999984741211,-0.664139741453531,-2.8325671048790095,-12.916486607512079,6.144608785957154
BEPC,31.75,-1.244172649749108,-3.6276360618259895,-16.670517897812488,-19.235128446377946
BETR,14.475000381469727,4.588151892202831,-13.010811824461562,-45.19121368761341,-56.6616774844928
BFAM,70.25,-5.297924358328119,-5.029067404776453,17.790074981444608,-9.797120599003497
BFC,156.22999572753906,3.6970608854634768,0.8260721552156156,14.933128193338682,15.26328593536932
BFH,110.87000274658203,6.12616200928176,1.0565632771417062,25.7488579851908,48.100683107947525
BFLY,7.360000133514404,-6.717360480859762,-11.325301633965788,67.65376668237658,95.74468489845937
BFS,32.52000045776367,-0.2759894231934525,-3.786978722453342,-6.35113139291125,-2.407125660689693
BFST,31.84000015258789,2.6434548121323114,0.8787329016254493,15.35754257426673,19.13491760919581
BG,118.70999908447266,2.1512778759965037,9.594952008581895,-9.09482509311327,6.16325972516579
BGB,11.1899995803833,-0.3561884548844942,0.2310679138923924,1.141299564759079,4.107186998310125
BGR,17.200000762939453,-0.17410783571606164,8.124290932059692,8.974858543620892,13.703441533174749
BGS,3.2899999618530273,-5.187321765795316,-3.8011728520717316,-16.222749912287192,-37.30879292238285
BGSF,5.440000057220459,1.6822458727515013,-3.8869221929792044,6.457923974242583,-9.181965524433327
BGT,11.029999732971191,-1.1648755933546333,2.777129324574402,6.780449060170281,7.547163846098984
BGX,10.6899995803833,-0.5581434382948764,-0.1681042436903241,0.8034218179473499,3.6412125860908593
BGY,5.909999847412109,-0.33726781628115093,2.6433577587645463,4.545614428280142,6.18912992407503
BH,383.75,-1.2175686914543948,-1.6605619260162834,31.19209161678996,11.86416372403248
BHB,40.38999938964844,2.9569203694820714,1.3706391723756288,18.812645135401358,26.994192184456857
BHC,6.559999942779541,2.982732506027087,10.998309850245697,32.525256475786016,17.773783493849958
BHE,72.63999938964844,3.3579975118707215,-11.81255679554696,-17.531728310402023,32.65825486778092
BHF,53.58000183105469,1.0562077866014337,-13.816948031022196,-14.13461454991525,-11.99080011331305
BHM,8.850000381469727,5.357152183040082,7.664234719892985,-10.307276344192651,-20.854821670222126
BHP,90.41999816894531,-1.6255993423295967,5.111753959208246,1.6986632857299153,24.619958196190215
BHR,1.899999976158142,-5.940594351556933,-10.377354777211321,-22.44898207432918,-33.33333193907259
BHV,12.470000267028809,-1.1102251662180262,-1.1466413616448385,7.196558952338814,19.19237285084207
BHVN,15.6899995803833,2.750485330903119,8.80720871962544,45.14337623808933,52.18233697187974
BIDU,99.47000122070312,4.397567690058246,-9.01856804648006,-25.03014266531544,-15.653352867550593
BIIB,220.8300018310547,1.929382899760212,7.053521009240045,12.69136265824978,17.41280289300407
BILI,15.229999542236328,-5.7549524378536,-18.337802392745896,-14.67787553636833,-40.39138944417247
BILL,49.15999984741211,-0.14218910313855132,4.595744356195977,39.65908744857338,8.929755559310426
BIO,386.1099853515625,-0.0025923976358598146,12.755889849034993,26.664043027154065,38.3757972406982
BIP,37.130001068115234,-1.7724819642017904,-3.495693329613319,-3.1973764035445407,0.015834578897818773
BIPC,37.349998474121094,-2.2763022469783847,-4.629917155023318,-8.552714162961857,-18.791919366849086
BIRD,2.5199999809265137,2.647660254194031,20.069431309635583,-29.71544841682569,10.408680397634981
BIS,10.970000267028809,-3.0061904506933113,-16.83092785428261,-37.21982352815969,-38.21160933512457
BIT,11.880000114440918,-0.5857715141547217,-2.429395523703225,-2.60391472266069,-3.463683228459185
BITO,10.739999771118164,1.1394606958041296,23.576151484483283,21.14979775029,10.304957779973964
BIVI,2.0,-12.280700653653822,48.148145531757756,21.21212296358922,49.25372762546221
BJ,93.19000244140625,2.801986621922141,-4.105780871825152,4.496526264306077,-5.362037893614614
BJRI,59.88999938964844,-5.81852611111981,-14.308198722750486,36.57925079517085,67.15042235286853
BKCH,74.91000366210938,7.490315738031408,16.773190772084003,-15.308076600676355,17.85714607235333
BKD,11.770000457763672,-0.1696310784907938,-18.03620655178256,-3.918363610092474,-20.09503853673077
BKE,43.150001525878906,1.2910870222024342,-5.621171535884519,-0.026488108942578248,-16.753448105960224
BKH,73.20999908447266,2.134484895065491,1.5936679316757463,3.4131761049329294,0.4360422062898303
BKKT,8.329999923706055,8.604952292660387,16.994382831397477,-6.614351429837903,-16.281406197119598
BKNG,193.2899932861328,-2.9132568981086275,-6.798787861040616,17.59674346557009,5.249386094898865
BKR,63.5,-0.07867700654729315,1.567497656847238,-0.8345883294889148,6.241456032750117
BKSY,20.5,-11.255412720925257,-26.232460148837706,-45.30416155182049,-15.845650712797148
BKTI,73.16000366210938,1.0916137702712119,-6.217149520969685,-10.74783143515266,-15.461055132733742
BKU,46.380001068115234,1.7105320616113786,-0.5361355227824465,2.433709008892045,1.108016632016632
BL,32.709999084472656,-1.5352261212821057,9.03333028157552,13.536965257984962,-13.00531805344107
BLBD,63.630001068115234,9.423902662835744,-3.605515817441459,-12.14966063783339,12.6792981983983
BLCO,18.040000915527344,3.203669267484266,10.336394462552914,21.318097204874835,2.500002980232174
BLDP,2.3399999141693115,1.2987000923330156,-8.235295767602654,-61.38613966560496,11.42857240170853
BLDR,65.79000091552734,-0.9186755968880803,-9.267688626015635,-11.405872578841098,-31.1171610888586
BLFS,35.25,-4.909629646094468,3.8903615766335906,29.357798165137616,75.19879984927017
BLK,1122.2900390625,-2.883321078168585,-0.6207393484928376,13.901353013728238,9.651922710290968
BLKB,47.099998474121094,-1.9975090964176216,1.5961989948815913,67.55602081622307,-4.462476261633763
BLMN,9.789999961853027,-4.951458441142509,-10.01838365002537,30.707613631762527,53.44827251168363
BLND,1.5399999618530273,-0.6451606948963502,-21.025644913070753,-3.1446585204987865,-10.465119986227169
BLOK,65.2300033569336,4.351311963582974,9.354571145541088,-1.2059930234998144,19.510915096819428
BLRX,2.6700000762939453,-4.642852794150843,-4.301071225799659,-18.597557939531377,-1.4760133317333188
BLTE,193.61000061035156,24.340114483540823,20.501651096534943,41.08431584793693,12.192149500581278
BLX,55.63999938964844,3.189913351469182,-2.5603337362340852,2.25238308255873,17.743408720251626
BMA,78.56999969482422,-0.13980758760155518,-8.851505247731406,-8.24914493020902,9.403435570986424
BMBL,2.9000000953674316,5.839419170576572,1.9332184957505765,1.7543927160695634,-7.348243152207329
BME,45.810001373291016,0.48256464129587584,5.933345747839157,19.014068035975324,15.550590742032961
BMEA,2.0299999713897705,20.833335402939117,62.39999771118164,56.15384968074834,48.17517987768083
BMI,132.49000549316406,-2.1997458482960774,-3.1032116935920353,2.398555100076891,-8.65961929730457
BMO,175.39999389648438,2.9886656161447327,-2.9974633382333833,8.807540850342912,23.654674813342986
BMRA,2.309999942779541,10.526317590671788,44.37499427236625,9.478675716930917,17.258878641193235
BMRC,27.729999542236328,4.32655990154694,-3.4806822691726387,11.478521961877023,13.913727262512875
BMRN,66.52999877929688,1.9929409097985258,8.24926744280592,21.716061041018744,9.839853251612194
BMY,66.81999969482422,0.014971017206963179,4.162117077843252,23.491014989563887,12.398809409988548
BNED,12.720000267028809,5.123965834815732,0.632910771622848,24.519169234075523,48.32642053109493
BNGO,1.2000000476837158,-1.6393426604503258,9.090911061310528,-7.692300638503319,6.194694933404732
BNL,20.809999465942383,-0.23969867184168311,-1.6540660869264228,4.569866863210599,12.547530360580343
BNS,93.81999969482422,2.3565305983156404,6.227355093981408,17.982935940120743,31.321176677383374
BNTC,12.680000305175781,4.190634557803086,-3.427264320966824,21.923084329571516,19.62264008350588
BNTX,103.76000213623047,2.1159349601065487,13.784405481183114,17.309220707997486,1.7753852301802244
BNY,164.83999633789062,2.2073397727795236,3.7904475104213624,17.732152817268414,42.3640090444953
BOC,13.760000228881836,-0.21754701272065996,-3.7762234590940746,2.8400606217543087,7.332297632090591
BOE,12.460000038146973,0.16077538937550045,2.144036598195936,5.8936756013288925,12.402989267080681
BOH,77.19000244140625,1.6594259596553438,-1.4230713581763734,4.994581867760214,2.620651265899563
BOKF,136.6999969482422,0.4556107501800544,-4.965431206908349,9.495530356178179,7.520371514642389
BOLT,3.9000000953674316,-2.0100483246901604,0.7751992427776419,-15.766738683150884,-10.344823428292624
BON,1.159999966621399,1.754384313814067,6.422012027451383,-6.451616314521787,-20.547949567613223
BOOM,6.96999979019165,-1.4144325182700457,-7.313832342152475,3.874809993540313,24.46428408732217
BOOT,154.2899932861328,2.4297870840326397,-5.943672518318873,-9.608066624114768,-16.49166601354048
BORR,4.539999961853027,1.3392844313413568,17.010304843952586,-10.276679581163576,-21.72414116286767
BOSC,4.639999866485596,-0.8547000709448132,2.4282483793063627,9.176467446719899,-4.329897778892473
BOTJ,27.600000381469727,2.071003871974024,2.2592603349853424,22.683942839648495,40.16894066802499
BOX,35.189998626708984,-1.6489663854580068,10.486650565889672,31.847125974407515,34.82757897464593
BOXL,6.090000152587891,-3.0254785170820453,84.54546183594013,16.666674279009854,-21.923076876051564
BP,43.810001373291016,2.1926812802113664,5.016434351520926,1.530301650631264,14.136797244782736
BPOP,171.32000732421875,1.8609934225447946,-2.7364551391686636,15.655168890159796,29.058565425365973
BPRN,43.529998779296875,3.102789011648289,3.053970287808241,28.607260193428292,30.560940073990185
BR,172.8800048828125,-4.625066365503861,5.581065332260052,14.76735223677974,-7.755096856682593
BRAG,1.340000033378601,-2.898547970379774,-17.79140875468637,-23.863634054572117,-16.249999161809694
BRBR,10.390000343322754,-3.5283203183802168,-14.203132635153413,17.26863144393509,-38.8103614639182
BRC,90.20999908447266,-0.48538602757843025,-8.17385887002172,2.618747041597547,1.187974040297854
BRCC,8.75,8.830846287508374,-8.949008193561161,-41.66666666666667,14.829398050023848
BREZ,10.010000228881836,0.10000228881835936,0.5020099452144747,,0.9072595957228476
BRID,6.050000190734863,-0.6568138070740396,-3.815576670487934,-18.24324171938456,-17.00959914412635
BRKH,10.050000190734863,0.8024064349387998,0.8024064349387998,,1.0050289787604745
BRKL,24.290000915527344,0.041187102961394335,-8.1663507943584,,-2.2141676074154395
BRKR,58.5,0.84468486923729,14.101812907515802,-6.616979870197842,52.309261388539376
BRLT,1.3600000143051147,-3.546095992902228,12.396691853651193,13.33333002196431,-6.849316522537741
BRO,71.41999816894531,-1.0392129957441572,0.5694467766282841,29.824692545402666,-1.8118293667858905
BROS,46.58000183105469,-4.666391221480727,-12.657040630494402,-17.703174758295788,-14.547783406087378
BRSP,4.679999828338623,-1.473687824450041,-7.326739572704823,-12.34996852441249,-15.463738068165817
BRT,14.350000381469727,0.20950200617917036,-0.4854347742986228,2.631598512022277,1.1395575931700481
BRX,29.149999618530273,0.8999661972128545,-3.3167496273711303,-2.4831114450651066,-1.4964196002530943
BRZE,31.959999084472656,-6.1104634991531235,24.309608022408046,35.6536494437237,53.06513586708045
BSAC,35.66999816894531,2.647476745166367,-0.08404087773938267,17.91734931882748,20.9789973649186
BSBK,9.175000190734863,0.16375920930819465,2.743559654942916,2.057846766704524,9.539156492414271
BSBR,5.960000038146973,3.6521745764690894,2.9360980555091163,14.816696934706464,1.508353001770931
BSM,14.649999618530273,-1.5457022455761338,3.3145225898404225,7.61094636887859,-0.7560086927432598
BSRR,41.08000183105469,3.685014988718143,0.513831428084741,10.042401913323111,20.480580855326878
BST,50.7599983215332,-0.19662266539180076,5.595508597868429,5.0139672123281445,31.87325036468131
BSTZ,31.170000076293945,-0.47892598975683126,5.992251216454983,2.43815369756441,46.94584000943068
BSV,77.22000122070312,-0.015538944021571572,0.03609506007672869,0.35491248152685245,0.1417326807858471
BSVN,57.43000030517578,11.818535090906552,14.061573079676792,33.88521035105123,42.73150983145469
BSX,47.79999923706055,-1.0351967037224101,-3.042596395969915,0.230657608553497,-34.511576056933535
BSY,33.709999084472656,-8.272111334768283,-4.66629382748334,3.3415088543196068,-14.36096153165913
BTA,25.049999237060547,0.3203841646213783,,,1.581506050533756
BTCS,1.440000057220459,5.882356034843122,35.211265713798326,5.882356034843122,-23.404252081232507
BTDR,12.380000114440918,14.1013795316009,17.68060433214698,-37.18924054038257,58.71794630398026
BTE,4.860000133514404,-0.20533372237502118,17.3913113586646,-3.2377628107092633,23.022724508895983
BTF,21.86400032043457,-0.9333909254106546,24.510256181042582,26.74822035528763,11.410402259108379
BTG,5.610000133514404,2.372264853803729,37.1638123280938,23.913186580665222,8.632955951892454
BTI,55.349998474121094,-0.39589926563130046,-5.75515255314189,-4.26503366767216,-2.823252975511171
BTO,40.150001525878906,2.0071161160489814,-0.5695877566926065,13.568546257322417,16.66825548563767
BTT,22.489999771118164,-0.7064011042243521,0.06956608820813644,0.030752624025968955,-0.5930658165047771
BTU,28.850000381469727,-2.829235895850929,23.039605263521807,-3.8893596942242725,-12.76946196534656
BTX,8.9399995803833,0.0,6.927527824142,-1.4907632638975583,42.42519568278988
BUD,80.3499984741211,1.5802781594350581,-4.311066683287729,1.6573855559462705,10.626662096628573
BUI,26.6299991607666,-0.07504862307677168,-0.7796046630737283,-0.20356293389090185,-9.539642994315463
BUR,4.349999904632568,4.819272401665551,1.1627839925551307,0.9280733731803988,-46.68560617129173
BURL,265.3299865722656,2.144278024806927,-28.511385979904524,-19.27898487416304,-17.463531413587464
BUSE,30.65999984741211,1.860463318422852,-1.3830823514485848,15.203233066837521,23.618216046781324
BV,11.359999656677246,2.2502250920390168,3.8391233309282256,-5.490855041192065,-15.097163232334376
BVN,33.900001525878906,-1.166174111017035,4.11547941053557,0.11813619257618918,-6.375511163015371
BVS,14.069999694824219,3.0769237218423284,0.6437779365870683,64.56139626840076,54.61537478036672
BW,7.099999904632568,-5.835544554993934,-24.307038187538936,-59.84163019186115,-46.57637377718537
BWA,67.54000091552734,5.547734204746272,2.9170676539459826,-11.535691548006955,28.7314677557782
BWEN,4.150000095367432,-3.488374156136883,-7.158830197853295,2.216752558037601,75.84746948469358
BWFG,67.38999938964844,2.5098898379919956,1.079809058265975,31.4764953521496,44.459201741960776
BWG,7.610000133514404,-0.2621229439913207,-0.9087903942543549,-1.0361075934178547,0.9920738128786019
BWMN,42.43000030517578,-0.3756746814718838,57.43969982933653,33.6799011063163,46.31034587991649
BWMX,15.739999771118164,-0.8816142463087309,-5.692035545480549,-13.282428325249123,-7.68664824044828
BWXT,157.58999633789062,3.4802044030560864,-5.315880882198705,-14.552606174890931,-19.044567973504346
BX,136.14999389648438,-4.949742617133626,2.0232274334853417,24.717850918104904,20.1326359960231
BXC,81.80999755859375,2.7376621629636047,-4.203751643022245,60.003903480476595,31.696714367782384
BXMT,14.199999809265137,2.158274812719628,2.601153560030352,-18.968653192225315,-23.052528255489655
BXP,67.69000244140625,-0.44123464007805574,-1.6276633584150195,12.32171262727126,25.00557767251528
BY,38.849998474121094,2.4525325687842665,-1.1701930376488578,19.081262664588493,24.78882912455824
BYD,78.0199966430664,0.5541955477136594,-7.251552430273168,-10.054275788343777,-4.436354835122423
BYFC,12.119999885559082,2.020200074126503,14.016930903829348,27.310917045965898,51.87969745100662
BYND,11.789999961853027,-11.353385016744154,-25.568182776015863,-46.891893888872374,-49.42084842567637
BYRN,3.680000066757202,1.9390629832558164,-15.596331328758103,-38.870430591084016,-70.55999946594238
BZ,16.920000076293945,-2.5345651992388185,5.15848300705304,19.999997294541018,8.880309638535953
BZFD,1.090000033378601,-8.403362943984458,-3.539819647948593,-24.827586376993036,35.06816090418254
BZUN,2.869999885559082,1.056337052691263,-1.034489959371831,8.712112557406721,21.61017004801811
C,137.72000122070312,4.634558828303026,2.914357856098065,6.53445259441139,27.650283951165548
CAAP,24.40999984741211,4.005115302763364,-2.9621782186926255,-2.514656847039997,-2.9621782186926255
CAAS,5.400000095367432,-1.9963725761355733,19.46902916270665,21.621622202139214,29.496402795432058
CABA,3.4700000286102295,11.575567384490602,25.72463915218353,-3.0726228335209607,9.119495464311552
CABO,25.469999313354492,-6.9758944702561925,-42.73831030692962,-47.003748261419624,-76.83703207946726
CAC,58.16999816894531,2.9922072245152656,-0.9197767398197092,20.980895560280537,28.199981302490063
CACC,604.719970703125,0.830356579491031,4.028897884391033,11.658471808572443,18.27569475569553
CACI,623.6099853515625,0.09630272010608777,-0.8238033137920006,18.09229395766178,1.810547486888582
CAE,24.40999984741211,1.0347682184558402,-8.849890882994847,-2.007226025944536,-18.9575060847396
CAF,18.829999923706055,-0.7903035940358072,-2.181818578150365,-5.75575397836849,7.415853885567138
CAG,15.479999542236328,-3.370792135437465,4.2424184820408035,24.457622225774806,-13.747602440409592
CAH,247.17999267578125,5.353336382229617,4.0057177762257465,26.483566540640034,14.951652246725578
CAKE,107.58000183105469,-1.7444479586996735,0.5228272378882824,66.26240256611037,72.10094408984526
CAL,12.430000305175781,2.052545104565923,-14.038725640496835,-11.518056153428443,11.46800501023616
CALM,74.62999725341797,-5.435885726129478,-12.044786569819662,-0.9555424489496293,-16.089079248225495
CALX,35.959999084472656,-5.666316652504986,-4.05549753556101,-6.5974049753956985,-30.952385137916536
CAMP,4.409999847412109,11.36363143763271,-2.000003390842014,5.755390089380094,-3.9215751457937356
CAMT,145.72000122070312,8.7462695676889,-2.6391374333976327,-20.566909978299996,-11.700901473324256
CAPL,22.850000381469727,-1.3810949234809105,5.299537226258125,6.912769304813341,9.819119007262923
CAPR,9.399999618530273,-5.146319240509545,124.88038288428314,-65.99131756113314,-63.594114137752825
CAR,138.72999572753906,-5.93939212106885,0.2746581910080462,-20.20591554094408,42.946925672483346
CARE,31.979999542236328,2.3687572872593448,-5.37698962939486,17.369938615520635,55.10375615783484
CARG,33.7400016784668,-5.384178847899376,-7.256732578719547,23.816519920979072,-1.3450265327804625
CARR,59.709999084472656,2.559254264047809,-6.64477808135516,-11.327734866572545,-0.4335093276925575
CARS,11.729999542236328,0.256407978292742,-0.08518082688926217,27.777768543458876,39.64285803489949
CASH,83.19000244140625,2.123745858552747,-6.13787090217012,7.076200324256698,-8.505107709905639
CASS,55.810001373291016,0.036663511088455676,-3.3730852867797485,23.637681196162987,25.143452678856832
CASY,756.0900268554688,0.5158140372335458,-9.169644845362376,-2.264693989857848,12.85894257265037
CAT,813.9400024414062,2.0652855083382904,-5.020073098885199,-11.95556578165093,15.70960237666586
CATO,2.5999999046325684,-0.38314141245931693,-21.21212296358922,-22.155689477638443,-20.972646359297528
CATY,62.689998626708984,2.4179048592924492,-0.9953774407299703,11.618908168971304,28.17127608506012
CB,341.5899963378906,0.8830449440278245,-3.5138272135976187,9.562204223127006,3.371031507640375
CBAN,21.75,2.8368812874305904,-1.2709971762063677,11.858655837924356,10.732393879300115
CBFV,37.599998474121094,0.6154657447423374,1.673705296038655,11.685209645438546,10.375254728561648
CBIO,20.8799991607666,25.783124583988315,27.084593870573336,16.129030547069608,84.2894907446454
CBL,54.97999954223633,0.5302631611069667,1.2336552237224014,17.26935526771543,50.00426719821386
CBNK,36.97999954223633,2.3242948720925862,-1.8573639791336856,17.908343304390662,25.918425864618094
CBOE,298.3800048828125,-0.6062649067994016,3.471610623207667,4.948747230250882,0.7886038441100052
CBRE,147.85000610351562,1.399086879555085,0.2712846141420054,17.313344073286743,4.717050461751548
CBRG,3.890000104904175,26.710103892257166,-12.975385067358319,-40.42879050660332,-67.17299595207518
CBRL,54.689998626708984,-0.9956608165205943,-6.063212847784802,65.93944158419555,78.3876933046453
CBSH,58.369998931884766,1.622428821572346,-0.8180302416190987,14.788569413785796,15.068626762369277
CBT,81.4800033569336,-1.4871185360343844,-6.409792852272947,-3.9073129886739313,11.297634014696637
CBU,63.849998474121094,1.752985616129233,-2.250461156722271,4.529735925538985,8.080359140561342
CBZ,54.849998474121094,0.660665781914555,0.660665781914555,70.0775146484375,87.9068087378913
CC,15.300000190734863,-1.6709525827136238,1.8447539126199737,-31.938338811822,-7.800540787503843
CCAP,10.369999885559082,-2.354048989585643,-11.643163853707259,-4.41544000172292,-16.571056826832585
CCB,50.33000183105469,6.835069367406437,14.568635286635464,-25.788849811959384,-36.41187509693379
CCBG,51.84000015258789,2.6941375251274673,-0.8036704600739655,18.817324967870597,23.540217550789095
CCCC,3.759999990463257,1.3477075957459443,3.2967000577117043,-5.050506205987388,24.092410097900334
CCD,24.450000762939453,-0.7509619006436673,-3.3288716306370785,-2.390774013619925,15.033520224351783
CCEL,4.28000020980835,1.9047715280065776,19.88796330090195,24.057975381243395,30.487812412841837
CCEP,105.76000213623047,-2.0922001268928963,-2.3002289734591512,14.446486251569057,5.123663590019551
CCI,75.83000183105469,-0.4071415301795964,1.2146338552455753,-13.433928286967792,-13.801234772189492
CCJ,100.73999786376953,2.0048558978439854,7.605207122734724,-12.06354747673221,-11.817227111732498
CCK,115.16000366210938,-1.0567881553305143,-4.9050329371235195,22.212648401197978,7.5165599378075445
CCL,23.510000228881836,-1.5906202196524777,-17.91201409146975,-13.017548125930661,-12.452557795039446
CCM,4.679999828338623,2.6315764707211,-5.645165476913102,3.7693922578566053,23.809520205312456
CCNE,34.90999984741211,3.806121732509988,-0.09325338709467883,18.047178899236414,26.798541700944778
CCO,2.380000114440918,0.42195060610633267,-1.2448120465286208,-1.2448120465286208,-0.41840962444885654
CCOI,10.050000190734863,5.3459143702425616,-7.698254908182957,-38.55936121538575,-55.68195285246578
CCOR,26.24799919128418,-0.4173329204772815,-1.006977954027394,4.411833660469664,-1.6431298408280282
CCRN,13.25,0.0,,,0.0
CCS,64.51000213623047,-4.500371248241174,-5.957125875202312,19.831635337446787,3.3114769942119975
CCSI,35.36000061035156,-7.555553959865197,-5.277259909117626,4.9569666123958305,12.1116029928319
CCU,11.880000114440918,0.848899692160724,-0.5857715141547217,5.6000010172526045,0.362234596147218
CCZ,66.44999694824219,0.0,3.828120231628418,3.041082468390798,4.681421629140256
CD,4.070000171661377,36.12040664481349,33.44263066530432,-49.12499785423279,-31.596633577639587
CDE,21.239999771118164,2.21366250853052,35.718851685907325,17.024794586954975,-6.036884642801212
CDLX,3.619999885559082,-10.173704786699393,2.840906397000803,-44.307694068321815,-55.63725547486204
CDNA,50.880001068115234,1.536620332039285,13.54608236732222,128.05917654003872,171.3600056966146
CDNS,292.70001220703125,-13.60174353217502,-13.509839668647757,-28.259800929649202,-2.3812647472198156
CDP,35.15999984741211,-2.333333757188585,-5.509269786346192,13.285791806707067,10.721606003219545
CDRE,29.760000228881836,0.33715570459941113,-15.01998903519641,2.286993916462577,-33.4252965432705
CDRO,9.109999656677246,2.9378447909664525,2.2446668090934505,-4.607335343139502,13.874995708465576
CDW,152.3800048828125,0.5277761196028125,7.845269787150222,11.513422255592854,23.896534532501423
CDXS,1.4600000381469727,-14.117647223819082,-1.3513500451867637,-46.32352857389665,15.87301977757817
CDZI,4.170000076293945,5.037784540110683,27.52293885678947,-8.149777283435581,-22.77777772872046
CE,44.66999816894531,-1.781005675997829,1.6382193253862067,-19.43006161722899,-14.898496410539355
CECO,74.0999984741211,4.073036025531041,8.001745831410508,-6.75727024549619,35.83867921262689
CEE,20.31999969482422,2.161891997842749,-3.7878840559658693,-3.651021584602442,9.247307946660278
CEG,298.9599914550781,8.803727993817628,14.676199603562992,12.041453979588674,-9.571275180473057
CELC,95.69999694824219,7.455647396890949,2.627342571841488,7.588533143995113,-16.955919192767144
CELH,30.65999984741211,-2.5119265385146745,28.986113828189055,2.1659433974435935,-29.8237564405215
CELU,1.6799999475479126,-9.189193194760591,145.97362786928065,64.70588029049668,39.99999006589293
CELZ,1.1100000143051147,-1.7699098239742965,-3.4782576245485726,-49.545454988794866,-40.0
CENT,41.709999084472656,-2.9548638233828877,-10.378173046926676,10.402330418627194,11.286018126733243
CENTA,36.06999969482422,-3.0636909908555934,-11.157632880662172,7.9616876969789905,9.601944278527846
CENX,46.779998779296875,2.2066819126760215,1.8063068608844268,-30.220766496943746,-13.209652217103404
CEPU,14.039999961853027,3.0837010266003015,1.5918977705274606,-6.834769434832465,-4.619567206794878
CERS,2.5899999141693115,-1.8939465434861473,11.637930547227176,-2.631585315889818,26.960782480441498
CERT,7.940000057220459,-4.221953030676907,-2.3370240411555625,41.78571772210458,11.048950368054927
CET,54.779998779296875,0.7355603224071511,-1.011928752704978,4.564290819144401,7.000737666440647
CETX,2.5,-3.8461503192516595,-12.891982589295653,-57.84148275936103,-76.19047619047619
CEVA,26.950000762939453,-0.3696801365675762,-24.276480338874595,-46.16460242983864,38.3470297548352
CEW,20.06999969482422,1.2613521889472321,1.5688231900386211,3.4003083596113766,5.299056963178664
CF,133.35000610351562,2.5532625973902228,14.826588283352738,14.954618500361796,21.487908276012444
CFBK,35.70000076293945,3.2986092139726084,-1.3812154405032113,26.19498209093591,21.11673318987736
CFFI,94.88999938964844,4.263264654812449,7.050992828334662,35.66876695052114,31.56119773430892
CFFN,8.869999885559082,3.0197472618968106,-0.39303591759268397,17.51530162127536,27.7134285057339
CFG,70.77999877929688,2.7733352062478835,-2.278063673790981,15.780180700066742,20.510678848400595
CFR,162.6199951171875,1.0878349307620687,-0.6660870498897933,21.881562628121888,19.907745824647986
CG,46.970001220703125,-2.93448685029138,-3.2201766400782734,11.993320187151184,-7.773738972254532
CGAU,22.920000076293945,0.0,15.971629094798926,37.15809153779338,25.382299914868824
CGBD,11.6899995803833,-2.4207009426887884,9.662286563927493,14.171032269211405,10.822821855195201
CGEM,22.09000015258789,0.09062282754975441,23.06406247177496,45.233399718512466,41.60256161805761
CGEN,2.5899999141693115,1.1718739086063334,12.608694255013969,18.264833173407816,26.34146216651782
CGNT,8.470000267028809,-4.401799150799273,-6.201544656725289,-8.234012057419669,1.073987486381975
CGNX,62.25,2.116143265914065,-7.483854639826598,-5.635207117255474,21.797288143082294
CGO,13.229999542236328,0.37935687331442774,2.0668810861895115,-3.358595768001723,16.457933252094247
CGTX,1.0299999713897705,0.0,-8.849559669366176,-27.464788555034776,-0.9615375798129149
CHCI,21.149999618530273,7.034409785161697,40.81224350161769,35.31669522503266,83.11687679015193
CHCO,145.57000732421875,1.8328159719549961,0.22721138706526664,18.582139322835502,23.692412094972976
CHCT,15.0,1.9714477301222277,-1.5255160496609754,-9.751035915881841,-6.169033592899107
CHD,98.55000305175781,-1.2327076995257205,-4.362910701941055,6.416732010980811,-0.6877432515404873
CHDN,87.06999969482422,-0.4686827233379141,0.21869526635922526,1.2441856916560683,-3.2985353070903294
CHE,519.8400268554688,0.21784905533829613,-5.257667990995926,21.942513458755094,26.464367645421138
CHEF,114.36000061035156,1.6804475585802094,4.782848863748688,47.2004080532779,80.89212021859507
CHH,100.62000274658203,-2.650926710129217,-8.302196602253108,-5.3270602159827956,-4.875417372520568
CHI,12.529999732971191,-1.4162101072819824,-1.9440277510347679,0.6046467252060769,15.09863927938434
CHKP,137.0500030517578,-1.3389968766222968,9.394958801999914,1.0097364754804472,-16.676795591130123
CHMG,84.83999633789062,4.650298084689761,2.3895675995103782,26.254042459850158,55.17330373730347
CHMI,2.9600000381469727,0.680271446845552,23.84936854492948,30.853327984726537,18.585698811959492
CHNR,3.9100000858306885,-3.4567925508855866,2.894740391966423,-12.134825765838013,14.662756229174645
CHPT,9.890000343322754,79.8181880604137,68.19728147680681,29.960580417958727,67.06081445718695
CHRD,146.38999938964844,-0.48943050623062895,11.463214687124367,5.026859325446132,26.2060613491154
CHRS,1.4199999570846558,5.1851801486336715,12.25296230376054,-3.4013653437030817,-19.318183819370834
CHRW,147.63999938964844,-0.9242273828729177,1.1024185309633592,-17.68031300034125,-19.217819053478415
CHSN,1.0,-4.7619004368509765,2.040814340536656,-20.0,-99.5
CHT,43.81999969482422,1.411711694691435,3.6423863765138793,1.4460577103693262,6.249786684625393
CHTR,151.99000549316406,-0.2951961040640589,-3.4616341868201435,17.8125819431071,-33.9001461775254
CHW,8.569999694824219,1.5402857927039617,1.884090653219226,-3.646473765812673,15.04175118860932
CHWY,23.65999984741211,-0.588232748471837,0.981645493984566,12.452465864444086,-9.24434167864826
CI,282.5199890136719,2.332658198576281,2.641231249290418,4.959681584115849,1.0265457251433316
CIA,3.950000047683716,5.053193023999176,-13.566741809383048,-20.362902876923908,-22.700588170687542
CIB,100.58000183105469,4.64003220664832,11.445985408370845,41.52340297989613,59.84136651094227
CIEN,321.0,-16.14419795289865,-20.497327066557585,-48.256685119117776,7.250254958928212
CIG,2.140000104904175,5.940600253006966,0.0,3.573332120952105,3.845655912622499
CIGI,99.0199966430664,-1.6292538837451913,0.2835717899074559,3.5285417333225806,-16.718157089058817
CII,24.510000228881836,0.16346921393460467,0.0822680466327345,-1.4265055427698523,13.744755802772776
CIK,2.430000066757202,0.0,0.826443419510305,0.00013736068315354618,-3.4504739065998318
CIM,11.640000343322754,1.5706832860088404,-1.8549689689968192,-8.404724005389113,-9.502848725914175
CINF,171.10000610351562,0.7063050324547898,-4.43475618876275,8.870841287966574,4.035824097114365
CING,5.099999904632568,-1.3539684841079491,0.9900933071139003,4.508192316238396,-22.25609833661607
CION,7.340000152587891,-2.26364941561735,2.154305594959012,14.8883575448482,-1.1850339623373083
CIR,47.470001220703125,10.24152277465443,134.30405076220984,,110.97778320312499
CIVB,27.770000457763672,2.928098328136079,-3.139168525062009,10.837949716744074,23.185439229792653
CL,88.7699966430664,-1.169008077627858,-4.548390706380209,5.19488327653148,-3.0605921444432265
CLAR,3.75,0.8064508376086847,12.04338284587873,32.023149780665655,24.043205468404537
CLB,12.539999961853027,0.8849529684359129,12.26348959352077,-6.054949504995202,-22.032126991912516
CLBK,11.699999809265137,0.6884675085537283,8.42240654857482,30.3912191784156,42.617626065708315
CLBR,10.25,0.0,-0.194746415503345,-0.4854387360093434,1.7874906716064536
CLBT,11.449999809265137,-4.583334922790527,-25.93790568555828,-19.252471348073094,-24.621460661184493
CLDT,13.039999961853027,0.07674772898522243,0.07674772898522243,19.65905813183382,62.299191793781006
CLDX,39.68000030517578,0.1261651166110473,-4.523582786316839,33.28854449119666,35.149861990076595
CLF,12.5,8.225106437896027,2.2076898435786916,-11.660775003622614,17.0411951574777
CLFD,28.649999618530273,-1.2409534902145651,7.464365275723487,-36.51673179602079,-7.131282773859865
CLGN,3.549999952316284,-8.505158566784852,7.250755700473077,-11.250001192092896,-44.094488100284494
CLH,317.1000061035156,0.586837780655234,3.075019829877703,10.630429718326475,9.442954645994396
CLIR,3.9100000858306885,-8.215965357894252,1.8229211777604881,-10.730593980137883,-24.80768789906457
CLLS,3.240000009536743,-3.283579051560902,20.446094446726214,4.854372153202999,-11.475411651489631
CLM,6.730000019073486,1.0510536526299934,-8.170674959380952,-6.999782355566429,-2.164061732614974
CLMT,53.130001068115234,6.836922495829185,26.862463498275872,42.17287285706542,75.40442212690587
CLNE,1.649999976158142,3.7735812276712197,-11.290324544724665,-17.910448557870062,-30.084743665162506
CLNN,3.8499999046325684,-10.046735609740445,-27.902625568900646,-33.15972653390064,-27.35849497962466
CLOV,4.255000114440918,2.53012088338735,-8.690981678810667,16.575342555233092,105.5555677132398
CLPR,3.2100000381469727,-2.4316086514784128,17.988809229962182,1.0301783748535804,9.979170172340277
CLPS,1.059999942779541,-3.6363709268489552,21.839073214919686,11.578942745346053,4.950490375089083
CLPT,13.960000038146973,-7.793925220723002,4.2569057521231715,4.962404796594536,50.91891933131863
CLRB,2.369999885559082,-5.577693443669526,-5.952384781855513,-8.846154904224504,-14.440436755296982
CLRO,5.090000152587891,-2.303260742427213,-48.061223943647576,57.58514311241208,11.378554953915309
CLS,312.3500061035156,4.325321466609192,-0.6930953118118737,-31.822151282026002,17.499914186168603
CLSK,12.6899995803833,9.208259082291178,-0.47059152640548413,-27.938676089972265,27.537686669770185
CLST,17.809999465942383,0.0,5.073738432409306,11.24296821566168,8.201703867306003
CLVT,2.069999933242798,0.9756088483765962,11.89188684138882,-16.19433565725486,-20.077220006136287
CLW,20.920000076293945,-0.33349068884001126,-8.486441304726554,26.02409394909746,41.54262824258145
CLWT,1.6399999856948853,-1.2048181523292238,8.609271261766391,34.426225183215884,19.708027736259975
CLX,93.05999755859375,-4.729732526769075,-10.845504260025345,6.3449083860231,-16.153110575407144
CM,117.5,3.505993194703539,-0.7936528385933469,10.123808627619676,18.89156429698898
CMC,70.27999877929688,4.16481029754525,-4.627498370380432,-7.928387213038955,3.6141924855543994
CMCL,26.329999923706055,4.030029550716522,30.309136873130782,26.996721609484037,-2.068733269325149
CMCM,3.380000114440918,0.0,3.936039892441846,-17.560970900953592,-55.112881536998735
CMCO,18.84000015258789,6.6817684902115,-8.941519254310593,21.880992005774722,2.9256256682552837
CMCSA,26.489999771118164,-0.48835861764374816,5.244337269857398,14.162108283606639,-14.040668617119712
CMCT,3.2799999713897705,-16.751270970698844,-24.423966450002418,-0.9063435621868414,-98.5676856020132
CME,281.2900085449219,-1.4746029614984677,6.420248467944189,11.917534240121732,-8.617857274574195
CMG,36.959999084472656,-2.8135675234539193,9.641056328289846,28.601250448216973,-0.26983886970503623
CMI,560.75,-0.6467087626106695,-12.600200098155975,-17.512457759976197,1.5348712917113059
CMMB,2.7100000381469727,-0.3676467043408923,50.55556166319216,57.55813913193183,48.087430305723615
CMP,25.31999969482422,1.8503582991913334,-1.325020088112669,-22.42647007262417,6.163519034979173
CMPR,87.44999694824219,-1.8628702174159102,-9.387633392857524,-8.925223905892583,21.13865354031795
CMPS,13.270000457763672,-1.776460155826569,-2.0664186644266462,4.57053503986682,95.86716267114672
CMRE,15.550000190734863,1.767018733521734,4.29242354039217,1.5633372913411194,-6.095828189017789
CMS,68.45999908447266,0.5877189835843584,-3.072346387271452,-1.7196131560417178,-9.911277579364103
CMSA,19.549999237060547,-2.298855505045609,-4.087781067231557,-6.556539518852097,-8.681593360676448
CMSC,20.809999465942383,-2.300468491405379,-4.189686354421743,-6.362561616095731,-7.641542184511669
CMSD,20.690000534057617,-2.2211687936849094,-4.240426862280981,-6.867463983378265,-7.882641969605358
CMT,24.1200008392334,-3.7125685674722506,-1.2689294395002761,2.5946431493530224,25.75599820363164
CMTL,1.559999942779541,-7.692314203511271,-9.302330416818046,-72.3404258916834,-70.62146968756929
CNA,48.470001220703125,-0.20588526816842848,-7.011545725612296,16.75142995260613,2.3449877929825154
CNC,67.04000091552734,4.196463679384222,4.423682402313442,12.577668806762041,54.93413498103804
CNDT,1.940000057220459,12.790699125045412,10.85714612688337,20.49689689336892,33.793102994685235
CNET,1.2699999809265137,-8.633093957075221,-7.971015556898724,69.33333079020181,71.62161683235146
CNF,2.200000047683716,0.0,-2.6548647359614446,-26.42140332218348,-55.28455256974518
CNK,35.040000915527344,-1.6006730835565448,-7.445257533811783,18.105333767325757,24.747680518638152
CNM,44.31999969482422,3.1657370561795877,-2.571998110513176,-14.965463156003336,-15.371394693994187
CNMD,49.31999969482422,-1.0631871524971384,-0.9041606566215271,49.1832959652251,19.130429654681453
CNNE,15.829999923706055,1.4743560039237584,6.671157418724971,12.27794458938528,35.516344786979424
CNO,56.75,3.57729339609702,2.28911403792791,23.371304480657304,35.697998572298246
CNP,39.66999816894531,0.17676691293299945,-1.875899751850834,-3.9309834886129704,-7.544798211787784
CNQ,50.459999084472656,0.778908312413575,11.02309843219722,6.939411311168081,13.553881063691211
CNR,99.62000274658203,-2.619746065716008,10.823262967446508,3.410528153157969,12.263872085113348
CNS,79.91000366210938,-0.9421030421301096,-4.645354881821376,14.751577428767007,24.07734188791539
CNSP,5.730000019073486,-4.18060199335474,9.45558496532023,9.351150178595544,91.00000063578287
CNTB,1.840000033378601,-16.36363665919658,-15.981735830914854,-17.488788446599262,-25.203251835532274
CNTY,1.2100000381469727,-3.968250213867144,1.6806705852795165,-12.949636647508846,-23.417721184719994
CNX,37.4900016784668,3.051128580984039,6.717906457718703,11.677098657367456,-12.015956016299437
CNXC,32.15999984741211,6.843851959585247,22.095670695174263,18.12317760844782,-3.935919988751096
CNXN,84.3499984741211,5.60910926941314,-2.361169925511899,20.17513996436026,37.500415078537834
COCO,55.130001068115234,-6.105763561536235,-14.020588417622948,-26.66932582558157,4.018869939840065
COCP,1.1299999952316284,-2.5862045045697752,9.70874044850008,6.603778889698113,12.999999523162842
CODA,10.170000076293945,1.194028689369682,-3.418800245075286,-19.09307618773045,-27.25321595634982
CODI,11.670000076293945,0.9515540889651058,8.35654206385385,9.167451210278772,69.86899957341467
COE,14.085000038146973,-6.099999745686849,-26.564130270915104,-43.067905543839146,-44.76470573275697
COF,219.60000610351562,2.3728552174838087,0.17068062885531363,24.07132971284556,13.924670284962357
COFS,34.29999923706055,3.282144482495696,-0.1746256467554868,13.394976516502261,22.931579025802055
COGT,34.7599983215332,-0.6857190813337054,-16.842107760819207,7.749535431101609,-7.207690413582034
COHN,11.350000381469727,1.429855291209449,2.90630059891651,2.632857742446532,-13.757270386793563
COHR,281.8599853515625,1.450526931601979,-15.666332259559937,-32.47730390794325,11.025324289093202
COHU,50.720001220703125,10.021698263559676,-2.0660352884902506,-9.6222341659982,76.35605291048732
COIN,184.63999938964844,-1.8498808302494552,26.978883666558584,13.12339052122759,-10.24257772424563
COKE,189.3300018310547,-3.1906761054721913,0.5843946918576528,6.91081263956837,-6.761966666165707
COLB,30.799999237060547,3.9136297952058365,0.47005071575268126,9.044620516844141,12.749821324286575
COLL,23.530000686645508,-4.3884595567697,-19.16866989594565,-24.243396357922023,-36.88304330172701
COLM,57.720001220703125,0.5574907427135628,1.271835323749636,-10.824746703404795,-2.4318916859662685
COMP,11.119999885559082,5.3030250349432215,-11.60572374404958,46.1235176144959,18.80342193844297
CONX,7.208000183105469,-5.157891137447999,50.70040130886466,7.650673157115381,-40.994141053161464
COO,69.58999633789062,-0.7133685634531846,-5.087293197570623,15.329791451626331,-13.229427698356181
COOK,49.970001220703125,-10.84745423571263,-15.917884967011823,-19.25997461059762,29.792210962865262
COOL,21.510000228881836,2.820268405526752,,,5.441179564254977
COP,134.25999450683594,1.335941535426383,15.7549566625849,13.528332688740244,16.555318771970782
COR,330.95001220703125,2.2713244638087087,2.0250973816189113,25.774451082062704,-7.494015448642812
CORZ,17.889999389648438,9.754602619690813,-15.011876303770244,-38.161081227338286,11.812496185302734
COST,915.739990234375,-2.9823415839977176,-3.5199950819484487,-4.640537631292199,-6.517931772067627
COTY,2.930000066757202,2.807023326372626,7.720589556547583,54.21053176441358,22.083331263727693
COUR,5.800000190734863,-11.042941599661416,4.3165512666415955,8.818016393178633,-5.996756579966286
CP,91.5999984741211,-1.1759671362337047,1.4958431846217104,3.0064243701382996,7.89499792678896
CPA,132.30999755859375,4.634243378234438,-5.610364468932653,-1.29528573999554,6.944782588425781
CPB,21.3799991607666,-9.712842545472705,-5.230497930450594,3.579192231632428,-11.70446578937833
CPF,38.189998626708984,2.606118684021728,-1.9728167454863808,13.82399419333031,22.15047662797944
CPHC,15.960000038146973,0.31426895797862764,4.587154644600084,2.7497559617984666,4.697903148230544
CPIX,6.789999961853027,1.494766872604722,-11.588540187221918,56.082289764003235,148.75613738233153
CPK,132.66000366210938,-0.658970846387498,-0.6292107399929775,10.639957668219324,1.3655542036012147
CPNG,15.289999961853027,-4.7945176195195645,-6.483182843335286,-6.881852065715479,-21.06350387510796
CPRI,13.5600004196167,2.3396258084279187,-9.599997202555338,-26.464208097108454,-27.44783289381314
CPRT,33.720001220703125,2.212790254911726,16.235784056051457,11.103791752473787,-11.309834785082145
CPRX,31.489999771118164,0.0,,,0.0
CPS,27.18000030517578,1.4936505163337912,-1.6286604026749272,-9.640956203077591,-18.88987864344304
CPSH,3.8299999237060547,-1.5424210688960418,-12.155967742623433,-51.272266429420974,-3.7688465992105833
CPSR,26.15999984741211,0.19149458403583566,0.49942050456147946,1.2775839128175526,2.971852550129933
CPSS,9.399999618530273,1.841821069611409,-1.7763853888719257,2.732240551067438,16.192823748258277
CPT,105.69000244140625,-0.10397032814616247,-4.560227126404409,-2.049348518217987,-0.748658749199534
CPZ,13.109999656677246,-1.4285754235550812,-2.607697324211534,5.328805066142583,-4.453639706349974
CR,204.69000244140625,-0.18530495403538294,-6.226280996576851,10.130839525572284,3.33880305972915
CRAI,170.91000366210938,-2.0573044916278653,-2.829736252639469,21.135031978565742,-6.846656686626747
CRBP,11.079999923706055,1.558204204139104,13.757702095244062,50.13549799308418,38.154604629482094
CRBU,1.5700000524520874,1.9480578793626733,-4.268288649596429,-21.49999737739563,-8.187133483727584
CRC,54.220001220703125,3.025093390503101,3.9068185594698104,-12.163655587325936,-12.886645642771855
CRESY,12.069999694824219,4.956519085427989,11.759254459818127,8.15412060801353,11.141805491706503
CREX,2.690000057220459,-1.465200057639656,-7.560138217227176,-29.210523921697064,-26.90217368417404
CRF,6.460000038146973,0.7800341953993917,-8.394781675929785,-5.316606374235856,-2.5087253943878265
CRGO,1.2799999713897705,0.0,2.3999977111816406,-21.951220575930613,-7.246378564303781
CRH,94.26000213623047,-0.03181544066772292,-3.0946409613946386,-10.626331624470271,-14.206532536473091
CRI,33.54999923706055,4.38705623580764,-16.080992639400872,-13.127002996376394,-2.704331909269059
CRIS,1.350000023841858,-9.395972134148693,-69.38775350221226,-86.49999976158142,-93.38235270055795
CRK,15.260000228881836,5.75190510154285,15.518547954693467,15.3439210648859,-27.540357949391865
CRL,288.5,0.09020600001185806,8.658803581329785,60.39362196682039,59.11095761436434
CRM,259.2300109863281,0.6562096704720223,38.79638328227599,36.35122758977593,29.375387808651514
CRMD,8.430000305175781,2.058112246771189,12.250333532026058,2.430143062743199,33.809524602450274
CRMT,2.4000000953674316,4.347832396711109,-27.272723331924254,-67.4355477254479,-87.28139910636627
CRNC,8.529999732971191,1.0663525718303801,-5.432380265244092,-30.537459947425205,11.212511709553826
CRNT,2.0999999046325684,1.449274026921029,-5.405410920322552,-31.596092824198603,-8.695654427396825
CRNX,84.94999694824219,0.11785324209710256,129.96751517695023,121.62794910021715,118.38044631367872
CRON,3.259999990463257,-3.264091953450504,6.188927079870148,20.29520090679998,26.84825195111287
CROX,117.52999877929688,-2.36750169392463,-12.408700853573386,-0.801826933423296,41.1093738592892
CRPT,15.670000076293945,6.576889091433062,38.42756624329816,19.345010965075545,16.94030240586416
CRS,475.3299865722656,-0.22879535383626162,-14.663461828208721,-2.3653974270862768,20.443401407404053
CRSP,55.790000915527344,-2.0884496951020504,8.036408936733643,7.123653905596501,-2.6862041973512576
CRSR,12.720000267028809,4.691363509421125,19.886905547858944,21.431979033914754,103.84616560249447
CRT,10.960000038146973,4.880385054453892,9.011805540668492,3.2727499832632336,18.511302685686537
CRTO,17.6200008392334,-0.1699647588965388,0.22753649431706668,2.740531960101602,-8.657335391569063
CRUS,113.20999908447266,3.3786840252631816,-8.33940804275673,-36.718835692091446,-15.691093153385378
CRVL,68.2300033569336,-0.9436613275302084,9.255408364100846,19.137424151502962,24.416490093160277
CRVS,14.390000343322754,2.4928802166715447,3.82395887282849,24.051723018129184,-10.398500486635198
CRWD,213.10000610351562,-7.748915106703193,2.7532700374520536,14.016671943355952,100.01877630212974
CRWS,2.7200000286102295,-3.546095992902228,-9.333332379659016,0.657322750667328,-1.0821005489404645
CRY,17.469999313354492,1.0120046799867704,7.911166877262432,-2.2161661433877193,-2.090629208027847
CSAN,2.9000000953674316,-1.6949136104436064,-2.3569000864809198,1.7543927160695634,-33.486238381605986
CSBR,5.21999979019165,4.399995803833008,0.5780295306443208,-8.260110058037535,-8.900527525029583
CSCO,109.19999694824219,-1.167527324163651,-9.662475654006949,-13.352957827717876,37.73583779940791
CSGP,30.90999984741211,-3.6170871794530197,4.496281024802045,-7.455094505123001,-36.80229003507634
CSIQ,13.220000267028809,7.218169901295868,-14.544278999111732,-32.30926880576834,-20.552880096541188
CSL,352.1400146484375,1.6042553787255542,-7.6928245917726485,3.056159054952989,-5.395570706064914
CSPI,8.09000015258789,2.275604407687459,-1.6838149597647918,-11.536850364485094,-7.945046003711724
CSQ,21.09000015258789,0.7163305382266267,2.3445542501663743,4.82224251146389,17.60984247081594
CSR,52.900001525878906,0.7811008464499734,-5.535711560930524,-10.937710233685289,-12.804746618872842
CSTE,2.9700000286102295,3.1249968955915413,34.99999837441881,74.70587913552792,262.1951285995663
CSTL,32.90999984741211,-0.36330286503062387,8.00787853312555,61.402652440096716,17.91472600263598
CSTM,27.139999389648438,2.6863377838615357,-5.138067771208836,-24.316790497170146,3.03720285659128
CSV,33.91999816894531,0.8023674021493352,-8.324329273120776,-8.85527935603634,-22.49709318034833
CSWC,24.579999923706055,-3.8717238284463336,0.07808529725686468,8.943761952578054,15.57406107838939
CSX,49.40999984741211,-2.177783628339871,-2.277588088377489,6.686624280418065,20.770705698086825
CTAS,200.47000122070312,-0.6541414883531782,-0.5734545088811472,15.035923109293217,-1.46323104551261
CTBI,77.76000213623047,2.141080968894056,-0.7783598174981136,19.80936830696675,31.361112922654105
CTGO,19.770000457763672,1.3846177321213942,8.26944255177757,9.407862709739744,-26.940129904118727
CTKB,4.699999809265137,-1.6736484734677541,12.980768789906458,16.04937254119814,7.305928914685997
CTMX,3.7100000381469727,10.416671249365193,10.089025641954427,15.217391465310948,-22.222221111490427
CTO,21.489999771118164,0.7029035494738882,-1.4220159485848785,9.871566607708072,13.803933126983017
CTOS,9.1899995803833,-0.21716023540534007,-16.90778271505894,-6.510685130112029,34.55343606207065
CTRE,39.0099983215332,0.15403737463039305,-5.154395068142845,3.575038609319066,1.125856944147504
CTRM,2.375,6.026785262879366,13.636368303104177,6.026785262879366,8.944950792266008
CTRN,71.16000366210938,4.539450537885206,-1.2352523968792866,55.2694759307012,47.88031014472464
CTS,57.18000030517578,1.2573031151491374,-13.703594232288458,-14.656550753165037,11.860364561621733
CTSH,62.310001373291016,-3.5150207392408173,10.169375150617778,17.128310777161612,-4.0478871399371075
CTVA,87.86000061035156,4.037896726271407,14.555385596821251,13.171293254831381,15.224189665090021
CUBE,39.5,-0.5538801962283286,-5.615289270737415,2.387505322234213,0.27385124877389616
CUBI,81.06999969482422,3.6965968001628537,-1.1943977093034348,11.528404143572416,18.506059574627542
CUE,27.440000534057617,7.52351113579171,1.59200407823759,1.969530619289383,217.5925861538195
CULP,3.430000066757202,2.0833385073477984,-3.1073417028582484,8.201892246236897,5.864199279666832
CURI,2.7100000381469727,4.172742573844554,4.172742573844554,-5.990675624375046,-12.84849670733024
CUZ,29.110000610351562,0.41393873811945164,-2.4136752101776073,7.937739640747952,25.57983695546638
CVBF,22.6200008392334,2.0297733937341405,-0.3962934780600307,14.81851069502822,19.87429134355309
CVCO,566.1900024414062,1.2626754953123018,-2.072051615071758,3.991106709730346,0.6363230626997629
CVE,32.369998931884766,0.6842842785832346,14.584067015521294,10.41646701048843,40.57852622510851
CVEO,34.13999938964844,2.1238381034735765,8.553254567417586,-0.17544260804823025,17.683554361572416
CVGI,3.240000009536743,4.516132555196595,-10.9890132922939,-43.944638547959954,106.36942046443785
CVLG,35.04999923706055,-0.6463614204358558,0.5194919142617898,-16.559564692728337,22.27489413070602
CVLT,136.41000366210938,-0.8071557416129644,2.2870448693752237,12.875469908524916,54.94093848657737
CVM,1.6299999952316284,0.6172833601124982,1.242234829118668,10.135133393582352,-59.25000011920929
CVNA,74.58999633789062,1.5382483902818587,9.145449714539613,17.18773692026342,12.619268321368535
CVR,10.25,-2.1946522164374875,-1.2524095665476778,0.0,-29.261558578968643
CVRX,3.049999952316284,3.0405376016702186,-48.653199950582334,-43.41372861099986,-63.56033459954394
CVS,96.73999786376953,3.0135172945393003,0.5404246897416599,6.532678135650722,24.78493381871231
CVU,5.159999847412109,-1.5267161679471504,0.19416993901947283,0.5847901033518956,13.157892810560856
CVV,6.570000171661377,-3.382353126796466,-21.223020965740453,12.5,72.44095197724097
CVX,208.60000610351562,1.193366993863841,11.198280408690879,10.916921089761116,11.820849238436349
CVY,30.709999084472656,0.7545916853365313,1.554230545343398,8.976998384589306,12.813114526210232
CW,566.75,-2.708878255756497,-20.627693484930244,-22.7469819295983,-16.435094691447354
CWAN,24.559999465942383,,,,0.0
CWBC,26.610000610351562,2.622446190407677,5.302738966380016,13.193749952333253,15.96792203162129
CWCO,29.280000686645508,-1.6459515068310244,-2.139035387755625,-0.23865540386110445,-19.011774117748352
CWEN,31.81999969482422,1.7426061804682984,-1.664289839538528,-19.86286781500701,-12.610867846155974
CWH,6.960000038146973,7.739938034790216,11.717496257440631,-2.2471889042670363,-10.193547894877772
CWK,13.65999984741211,1.2601933223002144,0.0,7.898894250021771,3.0943384710347877
CWS,71.46399688720703,-0.5718304177989131,-1.3200791299498094,5.881994543876534,4.235705122555499
CWST,93.52999877929688,1.3875325520833335,3.393764897076127,11.318736629603595,-4.052117810432719
CWT,50.029998779296875,0.12006715454890232,1.8893289181247295,12.5450231529255,10.867282239841238
CX,11.029999732971191,2.700185922097416,-2.389384541648518,-14.291423564455693,-2.2919808801093717
CXDO,6.010000228881836,-2.117257987469123,-7.395987044135579,-34.53159009707947,-12.645346963483007
CXW,34.709999084472656,4.485243254118081,7.661281877834327,59.880242046153796,88.74388383074444
CYCN,4.25,15.489128339746989,19.382024390756804,41.66666666666667,205.75539883011947
CYD,37.43000030517578,-2.3734998533918517,-23.18899926782549,-33.80852168441208,-6.301855647342302
CYH,2.890000104904175,-1.0273962536277181,-2.033896332532328,3.21429121859229,-15.24926591900187
CYRX,15.8100004196167,-1.1874973773956299,7.47790876014365,-4.181815638686672,89.1148453216626
CYTK,72.72000122070312,2.5525278030142293,-10.630455000497406,2.8425995789212912,16.931987178838398
CZFS,82.91999816894531,3.2113541805551282,0.7900833261231054,33.35866722929675,38.895718912685204
CZNC,26.110000610351562,3.038675821337887,3.3241002666061226,29.608005929953794,19.937814253727236
CZR,29.68000030517578,-0.06734160690200737,-1.2312776748042222,1.7135023809828847,11.620910623752494
D,65.83999633789062,0.7500995268243763,-0.4414030805807217,1.5966144272518499,6.6207555625978936
DAKT,19.350000381469727,-0.9216605163709202,-10.993557565826558,-0.41173403216439597,-15.832968359666054
DAL,80.16999816894531,2.782048934545273,-12.839752942994457,2.0156752846656043,31.432333413028772
DAN,32.040000915527344,6.871252183939666,17.794125969022552,-11.952518838427814,-4.795146930536488
DAO,14.789999961853027,-9.762046902856717,-15.678453877615645,29.96484897293551,46.87190079513901
DAR,65.19000244140625,-1.6296880283200559,7.734265823318676,5.913896424801222,22.537596816764246
DASH,211.72999572753906,-8.63468080232494,-0.7174335640563996,36.971143239437524,15.396773848823386
DAVA,3.059999942779541,-7.831325171422603,5.154634107374385,3.0303001111897543,-44.56521823636075
DB,41.33000183105469,3.1702456670668324,9.832582136370304,32.21369650813036,31.96939288896679
DBD,68.66999816894531,1.2234697462551412,-7.899677551651902,-15.586970550724127,-12.555712165566705
DBGI,3.7699999809265137,-41.13973680823159,-74.23103245771517,-89.8764774140533,-97.27601145434568
DBI,5.260000228881836,-3.839114613612385,-20.543801815525097,-39.19399753072183,-19.282646400459644
DBRG,15.930000305175781,0.125709980864174,-0.06273071186165669,1.7236019199323394,3.372944593805885
DBVT,13.470000267028809,-2.532557420580044,-1.965061925669762,-23.89830685639002,-38.99456379722707
DBX,34.83000183105469,-1.0230088368945307,0.8396088819933262,26.241397747102578,32.031853446209624
DC,5.949999809265137,-2.138159803819152,7.789851989572815,7.789851989572815,-1.6528988151582193
DCBO,24.770000457763672,-6.669180093087809,20.94727056355634,47.79236348146657,30.162898392044017
DCI,91.02999877929688,0.15403167629945236,-7.123641433801482,7.548264055206411,-0.017304156542198804
DCO,168.32000732421875,-1.808418432994804,-16.449914764828257,14.5657564810648,29.2879669465967
DCOM,41.25,2.103956539646695,0.38938877298113717,13.26986303106116,28.673387682627443
DCTH,16.479999542236328,0.1215094706933433,6.528760554452799,59.53533072557722,81.49779384039819
DD,131.58999633789062,-2.2289918133799826,-8.247887299967763,-8.158626620411663,-5.327196496180102
DDOG,212.92999267578125,-10.171279654589002,-7.135069601548545,-14.940282379941955,74.01928049497536
DDS,656.6900024414062,4.90758873045855,6.420664535129561,7.513304250645127,5.936785354127615
DDT,26.219999313354492,0.6525914828131408,-0.6065195318507349,2.1392366530640325,4.108240275714907
DE,693.530029296875,5.897002295889719,12.798451467751304,18.19470803156978,18.058764459549106
DEA,24.309999465942383,-0.8968659378101725,-0.5370501300894472,5.301266454870695,10.477393180855247
DECK,85.80999755859375,-1.4584339064724565,-12.322473535855153,-20.072655485510474,-20.23610699193786
DEI,11.420000076293945,-1.2110755903190182,-0.6956515104874321,-0.4582346448999461,15.470914675010969
DELL,524.1400146484375,14.940462582790499,19.762372205678645,24.680857303850562,259.4256896884395
DEO,89.19000244140625,-2.8960218583610566,-3.890086736676225,13.372320474533417,9.452625084205584
DFH,13.800000190734863,-1.779359406449404,-1.5691887292841131,-4.696128266565152,-19.999998894290645
DFIN,50.91999816894531,5.42442851608669,5.250097240084725,31.610235141733906,-3.8519655415278353
DFLI,1.090000033378601,-0.9090900224102623,-6.837600567558505,-44.94949379401261,-60.93189791104303
DFP,20.18000030517578,-1.56097412109375,-1.7975192209466064,1.1698454128749167,-1.7561017010375188
DG,133.2100067138672,5.096652239737426,4.519427150684168,27.404523782768532,-8.205854476531433
DGICA,19.450000762939453,1.7259409478105743,-0.40962581102599827,18.753607914266,12.961014976243343
DGII,69.36000061035156,-7.445958966197732,-16.44380336658399,2.0600375879033455,38.44311920723736
DGX,237.13999938964844,-1.3150243953300105,-0.5702308638790619,22.943239837540833,17.238340236204085
DH,1.0499999523162842,10.526312157057612,53.28466403820335,19.589968932267674,-13.934432156333795
DHC,7.510000228881836,-0.7926016039491439,-13.876146801532835,-11.964778783559154,3.840313794038773
DHF,2.359999895095825,-0.4219405462501886,-0.4219405462501886,-0.6745681699069707,1.5977810273279367
DHI,142.75,-1.2520735951590711,-2.2327201078576233,-0.9166670726620965,-4.18424946173654
DHR,207.66000366210938,-2.76268681585165,3.84038808813351,16.85243509868081,3.2348451356635075
DHT,20.8700008392334,6.47959404615297,21.315172907442097,35.822666610807765,24.41840751266341
DHX,4.519999980926514,5.361305853581869,9.443095779148432,22.493222515862588,73.18008285822415
DIA,534.0800170898438,0.4721879961323849,-0.681387905202942,5.484118344359377,12.082441568109772
DIN,31.68000030517578,-4.232168828251453,-10.760562520631602,10.901161189383659,-0.667030361501582
DIOD,91.79000091552734,1.0903059807225037,-7.019854355231159,-21.020478444827177,42.4868108111437
DIS,105.30999755859375,-2.0827572567209254,0.6018315357100923,6.7682205018121655,3.6196949601126396
DJCO,627.8699951171875,0.7914073035059208,8.844590741193363,19.934668565035533,22.652417539317813
DK,71.86000061035156,-3.3360180921545517,22.439942565698235,52.88472128156631,61.92893963901709
DKL,55.70000076293945,0.41463770898653807,-5.432938336229869,11.005766416421173,8.338604433333316
DKNG,24.010000228881836,-1.1527405355778222,8.299504493711643,-4.380726223543989,-5.695203879544262
DKS,139.14999389648438,2.99777025166497,-29.941598370101314,-37.5781596314214,-30.349923253299398
DLB,61.959999084472656,0.6497688470734624,2.3001991404800104,13.538500017021224,-4.28372027186408
DLHC,4.070000171661377,-6.4367756117190575,-16.255142801441774,-26.134301223299282,-30.42734635878581
DLNG,3.6600000858306885,-5.1813423497559885,-4.925492887133979,-1.647060557154783,-12.217708206816242
DLPN,1.1799999475479126,1.72413633637985,9.259250061011974,-0.840345310226634,-28.484850630396796
DLR,188.38999938964844,1.5087036516020207,-2.16555786342718,3.349356272610735,6.223823309360045
DLTH,4.519999980926514,22.82608421008849,8.65384968074834,31.77842253512903,104.52488248445533
DLTR,131.4199981689453,3.815468813319637,1.34176865471787,16.81777615017361,13.381066359077431
DLX,24.290000915527344,5.151517378381549,-5.733977330035035,7.538277763675732,-11.362379892477707
DMAC,6.75,6.2992141948792195,-0.2954206939861255,19.46902453213203,-11.067195463777214
DMLP,29.209999084472656,1.0377005833412394,13.129354878838297,8.78105103374109,15.974997273751681
DMRC,5.309999942779541,-11.204014618009182,-30.406292750512925,-63.27800879134708,6.19999885559082
DNLI,22.280000686645508,-6.228954242337472,-9.906991107729182,13.326555745514288,13.09644580603098
DNN,3.4200000762939453,0.8849548808677254,9.265174161337923,0.0,-11.855670736578201
DNOW,16.1200008392334,0.5614482141779893,4.7433429475352105,21.844303832141783,33.775938457062615
DNP,10.739999771118164,-0.6475545400674206,0.5982545541729312,2.763452741402096,6.993086120472116
DNUT,3.380000114440918,-1.1695895017748938,4.643965773426175,2.424247372139546,-6.6298281410331565
DOC,20.649999618530273,-0.8165229528615543,-1.6501875919257665,9.85606497922774,22.409620055259058
DOCN,112.47000122070312,1.6080935405517922,-7.984947940915543,-35.242972153587345,108.93553296485092
DOCS,26.350000381469727,-1.3478049994101573,27.54114509236239,25.237638949072704,1.0740341002040652
DOCU,68.41000366210938,3.2292245774043966,20.22847421365281,30.553438301568697,41.84118662949782
DOL,77.68000030517578,1.2117267819879884,1.9824106243002384,4.9577805056360695,14.212241697556674
DOMH,2.0999999046325684,-10.256411040166299,-15.322585141869629,-35.77981905560869,-24.850542126601034
DOMO,3.880000114440918,2.6455064499479612,2.1052674507500932,3.466669718424479,-9.976794293442936
DORM,131.3000030517578,1.9014333195094355,-4.564616002119683,5.250503448302855,17.106671276602768
DOV,192.8800048828125,-0.6950475592968121,-8.275929827942592,-9.422959187183139,-10.072637178778862
DOW,29.440000534057617,-3.5386628686348023,-1.7107445263339078,-15.871060175667978,-10.781503500408201
DOX,62.209999084472656,-1.3479262136178398,5.226657997994961,3.3952856301788854,-7.312269296300931
DOYU,4.300000190734863,-0.6928344919118286,-5.4945052641772065,-14.342625357117312,-15.01975811539629
DPZ,341.0799865722656,-0.28650265839993533,-4.840556442833627,11.871636546647027,-14.347648257997411
DQ,12.3100004196167,-4.499611390673894,-9.151289694933315,-23.349932571779433,-45.50685995366637
DRCT,1.9600000381469727,-13.274334229301918,-25.19083497102031,-35.31352948336897,-52.884612739438744
DRD,28.579999923706055,1.2398171701918497,27.13523356621427,12.964429982435806,-12.074604157801257
DRH,12.079999923706055,-1.8684036398904214,-4.430382946251475,8.07579777669343,23.986911816267398
DRI,216.8800048828125,1.222818278329122,2.815967750382591,10.270890255954154,6.8412233712488835
DRIO,7.239999771118164,-1.763909314240868,-6.556535419928716,-5.359481295922457,-27.527528158213332
DRMA,1.2100000381469727,-6.201544656725289,9.00901104082059,-4.7244050142243905,0.0
DRS,36.599998474121094,-3.684214541786596,-19.04399642845752,-19.594236444553204,-19.641700279565175
DRTS,15.029999732971191,6.520199140179112,15.704387973806918,42.06048999390117,111.09550526054531
DRVN,13.5600004196167,9.17874666924256,4.629632559441835,6.103291885313423,23.94882029000592
DSGN,15.140000343322754,0.33134652239409285,9.949163689291394,45.01916620543479,50.049555147327084
DSGR,34.65999984741211,-0.37367365534392033,-0.4595055968248396,26.174010607136093,58.26484224266927
DSGX,78.94000244140625,-2.1081311521691455,1.49139069209929,6.517341507591406,10.343865573354751
DSL,10.510000228881836,-1.221805547426518,-0.7554289192951996,-0.4978747574527498,-0.7784909715953028
DSM,5.71999979019165,-1.7182195622028729,-2.2230769895388547,-4.815488251021517,-3.58921870491686
DSP,13.65999984741211,6.055898494105323,10.87662488458373,12.89255716331554,27.425368536843898
DSWL,3.0999999046325684,3.3333301544189453,-5.775077794026636,0.31356228840061784,-0.2817683024004297
DSX,3.009999990463257,10.256409136758817,20.37456035368502,29.12446165987336,20.431308340696024
DT,51.900001525878906,-4.927639895933326,6.200128218167904,19.475145411188638,32.3641997901284
DTE,136.0800018310547,0.3317827413122895,-2.779166504053058,-3.2769807791211685,-6.996995647239408
DTF,11.449999809265137,-1.037164120347932,0.11265200411750996,0.7765527340463009,2.008487824771874
DTIL,7.46999979019165,-2.22513192754996,0.6738505846846076,23.67549399619383,64.90064998270017
DTM,129.52000427246094,-1.1448633423035879,-2.557925025068749,-7.786141168669144,-7.480558402507638
DTST,2.9600000381469727,-2.6315764707211,-10.843370552245663,-16.384178812319856,-25.252525009265813
DTW,19.479999542236328,0.0,-1.365576357939603,-5.280764347513988,-9.319780040448208
DUK,120.22000122070312,0.25852518482718284,-2.117033357969502,0.19580098358948292,-7.054951355292169
DUOL,154.4600067138672,4.11162447992738,26.007508897536948,43.817508863488044,52.11739740121215
DURA,39.61000061035156,-0.2769400981141643,2.5634430498377077,5.807448517384643,7.000187856591329
DUSL,85.79299926757812,-0.4375059874412921,-15.922188849644478,-2.8524342829813576,-3.460317465768301
DUST,32.25,-2.6562059756833496,-33.57363438353666,-39.787254772921905,-26.470307869682625
DV,13.359999656677246,-0.29850718650553654,14.090517618746093,30.980391240220744,22.344318345567203
DVA,183.99000549316406,4.533839688301447,1.8376085447868309,-5.660664182552796,22.709085299010795
DVN,48.060001373291016,-0.9276375258962593,11.48225630447071,4.811247027323912,9.287157477921614
DVP,42.65909957885742,0.32076587652487365,3.2521371621020845,10.124229694552435,14.33145429344614
DWSN,3.6500000953674316,7.669616000516504,-23.640168720541215,-18.708234266603174,4.885059636844659
DX,12.899999618530273,0.07757389403561445,2.0113997671177506,4.895399900320666,2.549812733628085
DXC,11.65999984741211,3.185837615935779,5.139762732024916,27.43169763415801,-11.599695084499235
DXCM,87.9000015258789,-3.4702351388506276,5.878107781422157,20.791542642257497,24.345732762900575
DXPE,184.0,-1.9868938435137304,-7.1691671623726485,18.53379183425237,31.63542824930447
DXR,10.270000457763672,1.8849259473779918,-2.003808145471011,-4.287037316842085,-10.305671363825091
DY,300.2300109863281,3.097427902861438,-24.861724983598243,-37.98309886785336,-18.85236983859041
DYN,24.280000686645508,-4.522216298582637,-6.182374520887348,34.96387434993497,59.736848627101104
DYSL,1.7999999523162842,0.0,0.0,0.0,42.85714015398434
E,53.58000183105469,-2.2262726696915545,-1.2714181332023107,-1.3985983058504075,17.50591579719681
EA,209.6999969482422,0.0,,,0.3829598253383558
EAD,6.369999885559082,-0.4687532712704946,0.6756774578966737,0.4561369207862718,-0.6124019542343481
EAF,6.199999809265137,-13.888889256818803,-18.848168617610984,-37.50000240341308,-2.362206261735545
EAI,19.649999618530273,0.614433833414149,0.029341979410707802,-1.3063503388952413,-4.218946154122921
EARN,4.360000133514404,-0.22882728390274093,2.068966672024862,-1.051709008200508,-1.303439058462677
EAT,230.22000122070312,0.7527357639838621,1.2980142089959246,64.13803667266133,63.997715638269106
EBAY,103.41000366210938,-0.1448376786601498,-5.824939095061313,-4.682581318451029,12.166471201006557
EBC,22.239999771118164,1.2750487172993052,-3.346373099106613,16.160183223658485,16.160194795698427
EBF,21.459999084472656,0.5623192644176875,-3.3768574106981224,7.718067377860717,3.5494942362778206
EBMT,22.889999389648438,2.4161029036331536,-3.7871658733211593,4.223314781897012,7.790564816375824
EBON,2.2200000286102295,2.7777750183035925,16.230370021272307,3.2558107040844093,-12.770139015358465
EBS,6.210000038146973,1.8032809054778194,16.949154521013476,-21.689783447977696,-26.421796837755924
EC,17.25,3.479303665576225,-0.8620667920620533,10.71887088877917,43.59026142125331
ECBK,20.7549991607666,0.2656927333336896,0.8748402972182098,15.498052052469601,21.73020580348603
ECC,3.9200000762939453,-1.5075362435176205,2.095698525916599,0.6347423376028157,7.193686073357358
ECL,279.2799987792969,-1.3841854727282563,-1.4746323297069888,9.532264658964476,-2.1393134046338
ECOR,9.210000038146973,-2.950471440719543,37.462691049794756,-6.592288449930017,22.473405073230328
ECPG,97.30000305175781,0.29893919095074084,-0.5925564139100983,24.727599522226416,33.87452207375508
ECVT,10.210000038146973,0.39331328960622536,-7.181817835027521,-21.941895277518498,-9.964727506489863
ED,107.29000091552734,0.25229329184288524,-0.7159707559788723,4.532224980385409,-1.4759086094341936
EDBL,1.3899999856948853,-4.794524015282304,-29.081634763179803,-84.70847126114562,-98.86018858509293
EDIT,3.2300000190734863,5.5555581527078814,11.379307339789708,16.187052241542034,70.44855153477401
EDN,24.600000381469727,4.193137422809336,-1.1651226006028723,-7.934127942979412,-5.92733942513022
EDRY,57.43000030517578,16.490874632719315,92.58886952686241,154.791472814952,179.6007679910141
EDSA,4.730000019073486,-0.21096524319702226,-6.336636823271315,-31.04956374614108,31.02493508377045
EDU,59.5099983215332,3.1369108053050607,4.715812782209053,27.786125642056064,12.936968469683524
EDUC,1.350000023841858,0.0,-2.1739109777848307,-4.929572912559228,2.2727250149756664
EE,40.029998779296875,1.034830536257678,5.9877230023618315,23.657780679281927,12.584909755573415
EEFT,73.80999755859375,6.186153489012783,1.0127246022445893,6.018377832105767,-0.5524166738965338
EEIQ,3.0,7.913670175336283,28.205132907664453,-17.582419957678084,28.755369022856257
EEX,5.039999961853027,,,,0.0
EFC,13.470000267028809,0.6726468745747936,3.5029657136215886,3.7760354482231437,17.179209041610374
EFOI,2.8499999046325684,2.8880839081918044,-7.766990815637698,-26.3565894338304,45.40815556957954
EFSC,64.66000366210938,2.261591222878048,-2.5911323628746152,10.195484764431283,16.669206510204045
EFT,10.649999618530273,-0.2809052976428172,-1.2271280021694535,0.6510985846537217,1.1429985362010822
EFX,177.0500030517578,-6.4019879339732295,1.0078104855607606,4.34980107872009,-13.643291610795021
EGAN,5.840000152587891,-21.71581604926482,-20.65217327925119,-22.443559231500636,-37.6068336880574
EGBN,28.18000030517578,3.2612655177378524,1.148599023021273,9.05214603994214,10.54790756809562
EGHT,1.8899999856948853,0.5319143876925793,-17.105262745120182,-7.352940145248341,-22.85714494243651
EGLE,32.76300048828125,0.18653545532626908,1.3612554570065598,5.938979116254586,14.35757727346898
EGO,43.02000045776367,-3.898132370550826,19.93341543409181,36.32419028222624,6.718693768907722
EGP,198.6199951171875,-0.44110520441729323,-0.9969096045644635,1.5778213063584112,5.028790861285852
EGY,6.0,1.0101000370632516,17.5067513391082,10.8473179615403,15.426163844287796
EH,4.690000057220459,4.454349583463074,-12.007502357346961,-52.04498788063234,-58.64197536055449
EHC,121.79000091552734,1.314368058471081,-2.427494621619132,18.270200979026956,13.592406346669033
EHI,5.699999809265137,0.0,-1.0312687370749887,-0.6945370957277213,-3.0657731957425303
EIC,10.0,0.0,-0.6951310520912648,-5.03323595832271,4.565944667134429
EIG,49.650001525878906,1.1407646599110752,-1.1456755519568036,13.896393481413652,23.53652482841688
EIX,56.77000045776367,5.168582695789622,-15.558533953414056,-18.933229950186302,-18.369066954532265
EJH,1.2200000286102295,-4.687495634425334,-4.687495634425334,-24.69135648029423,-94.51685380399897
EL,103.86000061035156,1.5249242542099266,21.90056209979537,27.0113076518009,9.122484719359743
ELA,14.069999694824219,1.9565181185332847,-21.963399007268976,-41.690840513161376,6.108593152043158
ELAN,24.5,2.4247488371911294,1.2396662297629921,-0.2848990463722492,2.4247488371911294
ELDN,3.0199999809265137,1.342280590503612,-12.716764519346771,-13.467049493579127,15.267179879363834
ELF,109.66999816894531,0.5685420447840199,18.806197670336093,110.94440205484433,32.86890835048961
ELLO,23.200000762939453,10.476194109235491,14.285722339262652,3.663992997865525,-13.690470657448477
ELMD,28.0,0.10726023375761669,-33.39676643618177,-21.458628887647166,14.84824021265295
ELOX,15.0,-10.554564158907045,-15.302084836631435,,36.23977918412255
ELS,62.41999816894531,-1.6233295218425834,-3.464282966746414,2.412629121024758,-6.282353380501929
ELSE,7.740099906921387,0.0,,,0.5207805019423374
ELTK,8.239999771118164,2.3602431786521016,-6.892661966758687,-14.963878968586911,-8.240532392431268
ELV,407.5,3.811074318394253,4.11344056070008,4.5718138295052215,43.70299612981155
EMBC,5.800000190734863,12.840473567960103,66.04906860648197,75.05173413511709,-38.247496541123624
EME,754.1599731445312,2.6710588537166227,-6.713014116611932,-10.12345066574066,4.995106776950349
EML,27.940000534057617,2.569753189504961,11.88294601986115,31.491301629157114,57.26504783137179
EMN,71.19000244140625,-1.7255659274874733,-3.1428538212159864,-3.7899636740973355,0.9434644005865984
EMO,54.279998779296875,-0.9127418969365988,6.803226589974057,11.079333660267409,8.62076691312973
EMP,19.90999984741211,-0.4500007629394532,-0.25049719115188956,-2.2484614203253583,-2.2435455303417458
EMR,152.82000732421875,0.24928160373033545,-2.276294536038354,8.843171015356505,8.25339253438148
ENB,50.09000015258789,-0.9491784558690742,-1.7813013363668337,-9.014396476208043,-4.554988888560177
ENIC,4.449999809265137,2.53455421220791,-2.625828400190526,6.459329952504507,20.047047228154295
ENJ,19.5,0.8794623743658658,-1.6371809257862948,0.0005477544025760107,-4.710901271696817
ENLV,1.100000023841858,-14.062496216501957,-44.444443775480984,-91.37254883261288,-93.45238051311767
ENOV,18.559999465942383,-24.522166121299925,-29.4564810236206,-13.914657116476281,-23.68421176463945
ENPH,36.369998931884766,-0.13728511689816708,-8.318627147414064,-47.305127932749016,-11.616044755157628
ENR,21.229999542236328,-2.525257700044128,-0.09700719170821874,15.694108480591524,14.18937038562211
ENS,181.91000366210938,-1.060587915679796,-2.9554512543750477,-24.160750287093162,12.821255831089129
ENSG,170.7899932861328,-0.8533619340413887,-5.983711415196799,2.5079285736461894,-17.55155158222538
ENTA,14.079999923706055,5.626406633853021,5.5472246075994835,25.26690578664812,2.4745280804340313
ENTG,138.74000549316406,2.5500867604706103,-2.7409664007119696,-1.0493004373545254,11.537601902273915
ENTX,3.0,1.6949136104436064,6.382981241783753,145.90163357762117,143.9024352422197
ENVA,230.5800018310547,1.7025408387299723,-9.915613461904742,45.11013888475436,62.368854834337206
ENVB,1.3899999856948853,1.4598526172921515,-10.897433546167774,-29.797981196721572,-29.797981196721572
EOG,145.19000244140625,0.1586615044748481,6.600591552568378,3.369277815420245,12.495752667513965
EOI,20.020000457763672,-0.6944414221630507,0.664479324320864,3.229068451286532,3.613045145246369
EOLS,9.300000190734863,2.31023140398063,25.50607803295466,54.22885351823965,64.31096186313594
EOS,21.6200008392334,-0.04622432695854422,-0.4160610201744525,-3.070436214834932,2.705082263411993
EOT,16.84000015258789,-2.376810709635417,-3.396692732789471,1.1801124290957872,-1.534274710251911
EP,3.130000114440918,-0.9493661574342721,18.113207615071147,14.65201804295901,-7.121655171164737
EPAC,37.34000015258789,0.053591795089016764,-0.320338854291392,13.082978906526632,-3.5640522329771107
EPAM,117.04000091552734,-0.6704582052540842,25.754809604921636,20.312502450848914,-19.048278162085317
EPC,28.8700008392334,0.522289447998549,2.667140745435505,56.9369792509093,38.808701770191654
EPD,38.939998626708984,0.30911626179318286,2.3390260380914323,4.028880970911642,7.506009892600223
EPM,3.680000066757202,-0.5405400180747055,3.6619751038615145,-12.688784923973534,-13.773679916641957
EPR,59.9900016784668,2.1802122533717934,-1.6890692705507793,8.124539297268349,7.668314895002639
EPRT,29.639999389648438,-1.2000020345052083,-3.2321247085969116,0.8214995955434783,-11.652800687498175
EPSN,6.179999828338623,-0.8025712773962271,9.769088858221494,6.838685393746552,12.443074192705705
EQ,2.2100000381469727,-2.6431693076513456,4.245290445577358,-28.93890312884148,25.568184666027722
EQBK,50.970001220703125,3.261751601384543,-0.4880905779809899,13.68334680053837,13.644805251305389
EQH,52.959999084472656,5.645318085096588,1.5142820457248918,33.74039127347103,34.95484168611387
EQIX,1035.97998046875,-1.0260614619935555,-1.133106260078327,-3.3491146848565987,9.766877821452734
EQNR,42.09000015258789,-1.6588763951609315,7.701082970893504,11.986417881059532,35.18149876735063
EQR,63.65999984741211,0.0,,,-7.7391306559244795
EQS,1.0299999713897705,0.9803912402207475,-11.206896463132214,-26.4285722192453,-25.362320655886055
EQT,55.16999816894531,1.8272385717852373,6.918604264328956,1.6028004397254638,-10.006492607052413
EQX,12.8100004196167,-0.38879656606045065,19.513823368523628,14.400926977129625,-21.66061480534508
ERAS,16.190000534057617,-9.451894329040483,-11.384783095734283,22.83763398472616,4.182757875162068
ERH,11.449999809265137,1.5070929106233826,-1.1396992920396682,-1.440548666612268,-5.793444300042772
ERIC,10.100000381469727,0.09911029465416876,-0.5905459334988622,-23.252275846675836,-8.982397500952018
ERIE,252.8000030517578,-1.0799790785735695,-0.49594368217898827,22.68219888251278,-5.184435219755196
ERII,7.630000114440918,-1.0376124942961988,-12.60022320131334,-5.09950061389819,-28.890955825234954
ERNA,4.309999942779541,-5.6892826939942,-1.1467933303607567,-46.19226192729835,-44.38709751252205
ERO,34.900001525878906,-6.005923722289636,12.2186530475843,12.689707134832801,20.677736631428424
ES,71.05000305175781,1.297410422053236,-1.4016021940809618,4.2094495948017165,-2.6757652187308167
ESAB,75.0199966430664,-0.47758108711689945,-20.622161731697343,-15.666097466214623,-33.69431072372374
ESBA,4.460000038146973,1.1337912123558134,-8.606558738617224,-14.310944707996798,-20.114744812620255
ESCA,20.8700008392334,3.521830343230038,-6.16006720316565,18.863752451548578,46.52730052296118
ESE,274.0199890136719,0.3625939416185751,-16.46496051172554,-7.2252241622066355,0.27773502945762546
ESGS,52.49480056762695,-0.5026492841983535,0.8926167032113981,5.857967273040567,5.439055703756736
ESI,36.0099983215332,1.5510303931085014,-6.0857679492558185,-14.89922652256452,9.209956081419556
ESLT,703.280029296875,0.39542897212515016,-17.9369860797112,-15.138508424071048,-20.622556728066602
ESNT,69.18000030517578,2.397872713327184,6.141374091658942,24.52223539494809,18.271179806266133
ESP,63.349998474121094,1.1819163976292701,1.9144122098297065,14.113693281478284,18.316051086977588
ESPR,3.180000066757202,,,,0.0
ESQ,118.95999908447266,6.480484948677094,-9.274282704566168,12.185524454956061,17.430655450033512
ESRT,4.539999961853027,0.2207450680250806,-6.9672160781668975,-15.066939266394632,-19.29913753017678
ESS,278.6099853515625,-1.5373219659593533,-2.2832526224438636,1.1807217058356485,10.01506073096965
ESTA,74.29000091552734,7.154188595810688,-6.021507846260129,2.59632254983814,4.10594209657385
ESTC,91.80999755859375,-5.884167415267579,31.25089573131267,43.22932877394675,73.16106519412541
ET,21.5,-0.04649106822606382,5.7550422070078415,11.813646567566996,19.10486903653706
ETD,22.489999771118164,8.235876952298321,11.906175329564228,28.02504250224373,20.43347621775193
ETN,410.8500061035156,2.232009831720481,-8.105748402159827,-2.2195931621066136,16.769602837567167
ETO,31.549999237060547,-0.7237301592684088,0.9235248906934939,4.291442032967656,12.227588539428071
ETON,58.45000076293945,-3.292518049280916,26.56994451424564,111.6986579892553,239.03713189636812
ETR,107.2699966430664,0.9030186309086724,1.333791806849557,-0.6899039453111535,2.8624167942927685
ETSY,76.51000213623047,-5.926471887750249,-6.99003142557357,14.10887196704557,35.10506920916942
EU,1.2400000095367432,-0.7999992370605469,7.826090021259681,-21.51898886985145,-38.308456944273274
EUDA,13.489999771118164,-0.4428075186133646,-17.188465236611915,-19.182840717758214,-8.231292883312365
